1698692801887,POST,133,200
1698692802020,GET,4,200
1698692802024,POST,3,200
1698692802027,GET,1,200
1698692802028,POST,4,200
1698692802032,GET,1,200
1698692802033,POST,3,200
1698692802036,GET,1,200
1698692802037,POST,4,200
1698692802041,GET,1,200
1698692802042,POST,3,200
1698692802045,GET,1,200
1698692802046,POST,3,200
1698692802049,GET,0,200
1698692802049,POST,4,200
1698692802053,GET,0,200
1698692802053,POST,4,200
1698692802057,GET,0,200
1698692802057,POST,3,200
1698692802060,GET,1,200
1698692802061,POST,3,200
1698692802064,GET,1,200
1698692802065,POST,3,200
1698692802068,GET,1,200
1698692802069,POST,3,200
1698692802072,GET,1,200
1698692802073,POST,3,200
1698692802076,GET,1,200
1698692802077,POST,3,200
1698692802080,GET,0,200
1698692802080,POST,3,200
1698692802083,GET,1,200
1698692802084,POST,7,200
1698692802091,GET,1,200
1698692802092,POST,3,200
1698692802095,GET,1,200
1698692802096,POST,3,200
1698692802099,GET,1,200
1698692802100,POST,3,200
1698692802103,GET,2,200
1698692802105,POST,3,200
1698692802108,GET,1,200
1698692802109,POST,3,200
1698692802112,GET,1,200
1698692802113,POST,2,200
1698692802115,GET,1,200
1698692802116,POST,3,200
1698692802119,GET,0,200
1698692802119,POST,3,200
1698692802122,GET,1,200
1698692802123,POST,3,200
1698692802126,GET,1,200
1698692802127,POST,3,200
1698692802130,GET,0,200
1698692802130,POST,3,200
1698692802133,GET,0,200
1698692802133,POST,4,200
1698692802137,GET,0,200
1698692802137,POST,3,200
1698692802140,GET,0,200
1698692802140,POST,3,200
1698692802143,GET,0,200
1698692802143,POST,3,200
1698692802146,GET,1,200
1698692802147,POST,2,200
1698692802149,GET,1,200
1698692802150,POST,2,200
1698692802152,GET,1,200
1698692802153,POST,2,200
1698692802155,GET,1,200
1698692802156,POST,3,200
1698692802159,GET,0,200
1698692802159,POST,3,200
1698692802162,GET,0,200
1698692802162,POST,3,200
1698692802165,GET,0,200
1698692802165,POST,3,200
1698692802168,GET,0,200
1698692802168,POST,3,200
1698692802171,GET,0,200
1698692802171,POST,3,200
1698692802174,GET,1,200
1698692802175,POST,2,200
1698692802177,GET,1,200
1698692802178,POST,5,200
1698692802183,GET,0,200
1698692802183,POST,3,200
1698692802186,GET,1,200
1698692802187,POST,3,200
1698692802190,GET,0,200
1698692802190,POST,3,200
1698692802193,GET,0,200
1698692802193,POST,3,200
1698692802196,GET,0,200
1698692802196,POST,3,200
1698692802199,GET,0,200
1698692802199,POST,3,200
1698692802202,GET,0,200
1698692802202,POST,3,200
1698692802205,GET,1,200
1698692802206,POST,2,200
1698692802208,GET,0,200
1698692802208,POST,3,200
1698692802211,GET,0,200
1698692802211,POST,3,200
1698692802214,GET,0,200
1698692802214,POST,3,200
1698692802217,GET,0,200
1698692802217,POST,3,200
1698692802220,GET,0,200
1698692802220,POST,3,200
1698692802223,GET,0,200
1698692802223,POST,3,200
1698692802226,GET,0,200
1698692802226,POST,2,200
1698692802228,GET,1,200
1698692802229,POST,2,200
1698692802231,GET,0,200
1698692802231,POST,3,200
1698692802234,GET,0,200
1698692802234,POST,7,200
1698692802241,GET,0,200
1698692802241,POST,3,200
1698692802244,GET,4,200
1698692802248,POST,3,200
1698692802251,GET,0,200
1698692802251,POST,2,200
1698692802253,GET,1,200
1698692802254,POST,3,200
1698692802257,GET,0,200
1698692802257,POST,3,200
1698692802260,GET,0,200
1698692802260,POST,3,200
1698692802263,GET,0,200
1698692802263,POST,2,200
1698692802265,GET,1,200
1698692802266,POST,2,200
1698692802268,GET,0,200
1698692802268,POST,3,200
1698692802271,GET,0,200
1698692802271,POST,2,200
1698692802273,GET,1,200
1698692802274,POST,2,200
1698692802276,GET,0,200
1698692802276,POST,3,200
1698692802279,GET,0,200
1698692802279,POST,2,200
1698692802281,GET,1,200
1698692802282,POST,2,200
1698692802284,GET,0,200
1698692802284,POST,3,200
1698692802287,GET,0,200
1698692802287,POST,3,200
1698692802290,GET,0,200
1698692802290,POST,3,200
1698692802293,GET,0,200
1698692802293,POST,3,200
1698692802296,GET,0,200
1698692802296,POST,2,200
1698692802298,GET,0,200
1698692802298,POST,3,200
1698692802301,GET,0,200
1698692802301,POST,2,200
1698692802303,GET,1,200
1698692802304,POST,2,200
1698692802306,GET,1,200
1698692802307,POST,2,200
1698692802309,GET,1,200
1698692802310,POST,2,200
1698692802312,GET,1,200
1698692802313,POST,3,200
1698692802316,GET,0,200
1698692802316,POST,3,200
1698692802319,GET,0,200
1698692802319,POST,3,200
1698692802322,GET,0,200
1698692802322,POST,2,200
1698692802324,GET,0,200
1698692802324,POST,3,200
1698692802327,GET,0,200
1698692802327,POST,2,200
1698692802329,GET,1,200
1698692802330,POST,2,200
1698692802332,GET,0,200
1698692802332,POST,3,200
1698692802335,GET,0,200
1698692802335,POST,2,200
1698692802337,GET,0,200
1698692802337,POST,3,200
1698692802340,GET,0,200
1698692802340,POST,2,200
1698692802342,GET,1,200
1698692802343,POST,2,200
1698692802345,GET,1,200
1698692802346,POST,2,200
1698692802348,GET,0,200
1698692802348,POST,3,200
1698692802351,GET,0,200
1698692802351,POST,2,200
1698692802353,GET,1,200
1698692802354,POST,2,200
1698692802356,GET,0,200
1698692802356,POST,2,200
1698692802358,GET,1,200
1698692802359,POST,2,200
1698692802361,GET,0,200
1698692802361,POST,2,200
1698692802363,GET,1,200
1698692802364,POST,2,200
1698692802366,GET,0,200
1698692802366,POST,2,200
1698692802368,GET,1,200
1698692802369,POST,2,200
1698692802371,GET,0,200
1698692802371,POST,2,200
1698692802373,GET,1,200
1698692802374,POST,2,200
1698692802376,GET,0,200
1698692802376,POST,3,200
1698692802379,GET,0,200
1698692802379,POST,2,200
1698692802381,GET,1,200
1698692802382,POST,2,200
1698692802384,GET,0,200
1698692802384,POST,2,200
1698692802386,GET,1,200
1698692802387,POST,2,200
1698692802389,GET,0,200
1698692802389,POST,3,200
1698692802392,GET,0,200
1698692802392,POST,2,200
1698692802394,GET,1,200
1698692802395,POST,2,200
1698692802397,GET,0,200
1698692802397,POST,3,200
1698692802400,GET,0,200
1698692802400,POST,2,200
1698692802402,GET,1,200
1698692802403,POST,2,200
1698692802405,GET,0,200
1698692802405,POST,2,200
1698692802407,GET,0,200
1698692802407,POST,3,200
1698692802410,GET,0,200
1698692802410,POST,2,200
1698692802412,GET,0,200
1698692802412,POST,3,200
1698692802415,GET,0,200
1698692802415,POST,2,200
1698692802417,GET,0,200
1698692802417,POST,3,200
1698692802420,GET,0,200
1698692802420,POST,2,200
1698692802422,GET,1,200
1698692802423,POST,4,200
1698692802427,GET,0,200
1698692802427,POST,3,200
1698692802430,GET,0,200
1698692802430,POST,3,200
1698692802433,GET,0,200
1698692802433,POST,2,200
1698692802435,GET,0,200
1698692802435,POST,2,200
1698692802437,GET,1,200
1698692802438,POST,2,200
1698692802440,GET,0,200
1698692802440,POST,2,200
1698692802442,GET,1,200
1698692802443,POST,2,200
1698692802445,GET,0,200
1698692802445,POST,2,200
1698692802447,GET,0,200
1698692802447,POST,3,200
1698692802450,GET,0,200
1698692802450,POST,2,200
1698692802452,GET,1,200
1698692802453,POST,2,200
1698692802455,GET,0,200
1698692802455,POST,2,200
1698692802457,GET,1,200
1698692802458,POST,2,200
1698692802460,GET,0,200
1698692802460,POST,2,200
1698692802462,GET,1,200
1698692802463,POST,2,200
1698692802465,GET,0,200
1698692802465,POST,2,200
1698692802467,GET,0,200
1698692802467,POST,2,200
1698692802469,GET,1,200
1698692802470,POST,2,200
1698692802472,GET,0,200
1698692802472,POST,2,200
1698692802474,GET,0,200
1698692802474,POST,2,200
1698692802476,GET,1,200
1698692802477,POST,2,200
1698692802479,GET,0,200
1698692802479,POST,3,200
1698692802482,GET,0,200
1698692802482,POST,1,200
1698692802483,GET,0,200
1698692802483,POST,3,200
1698692802486,GET,0,200
1698692802486,POST,2,200
1698692802488,GET,0,200
1698692802488,POST,4,200
1698692802492,GET,0,200
1698692802492,POST,3,200
1698692802495,GET,0,200
1698692802495,POST,4,200
1698692802499,GET,0,200
1698692802499,POST,2,200
1698692802501,GET,1,200
1698692802502,POST,2,200
1698692802504,GET,0,200
1698692802504,POST,3,200
1698692802507,GET,0,200
1698692802507,POST,2,200
1698692802509,GET,0,200
1698692802509,POST,3,200
1698692802512,GET,0,200
1698692802512,POST,2,200
1698692802514,GET,0,200
1698692802514,POST,2,200
1698692802516,GET,0,200
1698692802516,POST,3,200
1698692802519,GET,0,200
1698692802519,POST,2,200
1698692802521,GET,0,200
1698692802521,POST,3,200
1698692802524,GET,0,200
1698692802524,POST,2,200
1698692802526,GET,0,200
1698692802526,POST,3,200
1698692802529,GET,0,200
1698692802529,POST,2,200
1698692802531,GET,0,200
1698692802531,POST,2,200
1698692802533,GET,0,200
1698692802533,POST,3,200
1698692802536,GET,0,200
1698692802536,POST,2,200
1698692802538,GET,0,200
1698692802538,POST,3,200
1698692802541,GET,0,200
1698692802541,POST,2,200
1698692802543,GET,0,200
1698692802543,POST,2,200
1698692802545,GET,0,200
1698692802545,POST,3,200
1698692802548,GET,0,200
1698692802548,POST,2,200
1698692802550,GET,0,200
1698692802550,POST,2,200
1698692802552,GET,1,200
1698692802553,POST,2,200
1698692802555,GET,0,200
1698692802555,POST,2,200
1698692802557,GET,0,200
1698692802557,POST,2,200
1698692802559,GET,1,200
1698692802560,POST,2,200
1698692802562,GET,0,200
1698692802562,POST,2,200
1698692802564,GET,0,200
1698692802564,POST,2,200
1698692802566,GET,1,200
1698692802567,POST,2,200
1698692802569,GET,0,200
1698692802569,POST,2,200
1698692802571,GET,0,200
1698692802571,POST,2,200
1698692802573,GET,0,200
1698692802573,POST,3,200
1698692802576,GET,1,200
1698692802577,POST,5,200
1698692802582,GET,0,200
1698692802582,POST,2,200
1698692802584,GET,1,200
1698692802585,POST,2,200
1698692802587,GET,1,200
1698692802588,POST,2,200
1698692802590,GET,1,200
1698692802591,POST,2,200
1698692802593,GET,1,200
1698692802594,POST,2,200
1698692802596,GET,1,200
1698692802597,POST,2,200
1698692802599,GET,0,200
1698692802599,POST,2,200
1698692802601,GET,1,200
1698692802602,POST,2,200
1698692802604,GET,0,200
1698692802604,POST,2,200
1698692802606,GET,0,200
1698692802606,POST,2,200
1698692802608,GET,0,200
1698692802608,POST,3,200
1698692802611,GET,0,200
1698692802611,POST,1,200
1698692802612,GET,0,200
1698692802612,POST,2,200
1698692802614,GET,1,200
1698692802615,POST,2,200
1698692802617,GET,0,200
1698692802617,POST,2,200
1698692802619,GET,0,200
1698692802619,POST,3,200
1698692802622,GET,0,200
1698692802622,POST,2,200
1698692802624,GET,0,200
1698692802624,POST,2,200
1698692802626,GET,0,200
1698692802626,POST,2,200
1698692802628,GET,1,200
1698692802629,POST,2,200
1698692802631,GET,0,200
1698692802631,POST,2,200
1698692802633,GET,0,200
1698692802633,POST,3,200
1698692802636,GET,0,200
1698692802636,POST,2,200
1698692802638,GET,0,200
1698692802638,POST,2,200
1698692802640,GET,0,200
1698692802640,POST,2,200
1698692802642,GET,0,200
1698692802642,POST,3,200
1698692802645,GET,0,200
1698692802645,POST,2,200
1698692802647,GET,0,200
1698692802647,POST,3,200
1698692802650,GET,0,200
1698692802650,POST,2,200
1698692802652,GET,0,200
1698692802652,POST,2,200
1698692802654,GET,0,200
1698692802654,POST,2,200
1698692802656,GET,1,200
1698692802657,POST,2,200
1698692802659,GET,0,200
1698692802659,POST,2,200
1698692802661,GET,0,200
1698692802661,POST,2,200
1698692802663,GET,0,200
1698692802663,POST,2,200
1698692802665,GET,1,200
1698692802666,POST,2,200
1698692802668,GET,0,200
1698692802668,POST,2,200
1698692802670,GET,0,200
1698692802670,POST,3,200
1698692802673,GET,0,200
1698692802673,POST,2,200
1698692802675,GET,0,200
1698692802675,POST,2,200
1698692802677,GET,0,200
1698692802677,POST,2,200
1698692802679,GET,0,200
1698692802679,POST,2,200
1698692802681,GET,1,200
1698692802682,POST,2,200
1698692802684,GET,0,200
1698692802684,POST,3,200
1698692802687,GET,0,200
1698692802687,POST,2,200
1698692802689,GET,1,200
1698692802690,POST,2,200
1698692802692,GET,0,200
1698692802692,POST,2,200
1698692802694,GET,0,200
1698692802694,POST,2,200
1698692802696,GET,1,200
1698692802697,POST,2,200
1698692802699,GET,0,200
1698692802699,POST,2,200
1698692802701,GET,0,200
1698692802701,POST,2,200
1698692802703,GET,0,200
1698692802703,POST,3,200
1698692802706,GET,0,200
1698692802706,POST,2,200
1698692802708,GET,0,200
1698692802708,POST,2,200
1698692802710,GET,0,200
1698692802710,POST,2,200
1698692802712,GET,0,200
1698692802712,POST,2,200
1698692802714,GET,1,200
1698692802715,POST,2,200
1698692802717,GET,0,200
1698692802717,POST,2,200
1698692802719,GET,1,200
1698692802720,POST,2,200
1698692802722,GET,0,200
1698692802722,POST,2,200
1698692802724,GET,0,200
1698692802724,POST,2,200
1698692802726,GET,0,200
1698692802726,POST,2,200
1698692802728,GET,0,200
1698692802728,POST,2,200
1698692802730,GET,0,200
1698692802730,POST,2,200
1698692802732,GET,1,200
1698692802733,POST,2,200
1698692802735,GET,0,200
1698692802735,POST,3,200
1698692802738,GET,0,200
1698692802738,POST,7,200
1698692802745,GET,1,200
1698692802746,POST,2,200
1698692802748,GET,0,200
1698692802748,POST,2,200
1698692802750,GET,1,200
1698692802751,POST,2,200
1698692802753,GET,0,200
1698692802753,POST,2,200
1698692802755,GET,0,200
1698692802755,POST,2,200
1698692802757,GET,0,200
1698692802757,POST,2,200
1698692802759,GET,1,200
1698692802760,POST,2,200
1698692802762,GET,0,200
1698692802762,POST,2,200
1698692802764,GET,0,200
1698692802764,POST,2,200
1698692802766,GET,1,200
1698692802767,POST,2,200
1698692802769,GET,1,200
1698692802770,POST,2,200
1698692802772,GET,1,200
1698692802773,POST,2,200
1698692802775,GET,10,200
1698692802785,POST,2,200
1698692802787,GET,1,200
1698692802788,POST,2,200
1698692802790,GET,0,200
1698692802790,POST,3,200
1698692802793,GET,0,200
1698692802793,POST,2,200
1698692802795,GET,0,200
1698692802795,POST,3,200
1698692802798,GET,0,200
1698692802798,POST,2,200
1698692802800,GET,0,200
1698692802800,POST,2,200
1698692802802,GET,1,200
1698692802803,POST,2,200
1698692802805,GET,0,200
1698692802805,POST,2,200
1698692802807,GET,1,200
1698692802808,POST,2,200
1698692802810,GET,0,200
1698692802810,POST,3,200
1698692802813,GET,0,200
1698692802813,POST,2,200
1698692802815,GET,0,200
1698692802815,POST,3,200
1698692802818,GET,0,200
1698692802818,POST,2,200
1698692802820,GET,0,200
1698692802820,POST,3,200
1698692802823,GET,0,200
1698692802823,POST,2,200
1698692802825,GET,0,200
1698692802825,POST,2,200
1698692802827,GET,0,200
1698692802827,POST,2,200
1698692802829,GET,1,200
1698692802830,POST,2,200
1698692802832,GET,0,200
1698692802832,POST,2,200
1698692802834,GET,0,200
1698692802834,POST,2,200
1698692802836,GET,0,200
1698692802836,POST,2,200
1698692802838,GET,1,200
1698692802839,POST,2,200
1698692802841,GET,0,200
1698692802841,POST,2,200
1698692802843,GET,0,200
1698692802843,POST,5,200
1698692802848,GET,0,200
1698692802848,POST,2,200
1698692802850,GET,0,200
1698692802850,POST,2,200
1698692802852,GET,0,200
1698692802852,POST,2,200
1698692802854,GET,1,200
1698692802855,POST,2,200
1698692802857,GET,0,200
1698692802857,POST,2,200
1698692802859,GET,0,200
1698692802859,POST,2,200
1698692802861,GET,1,200
1698692802862,POST,2,200
1698692802864,GET,0,200
1698692802864,POST,2,200
1698692802866,GET,0,200
1698692802866,POST,2,200
1698692802868,GET,0,200
1698692802868,POST,2,200
1698692802870,GET,0,200
1698692802870,POST,2,200
1698692802872,GET,0,200
1698692802872,POST,2,200
1698692802874,GET,0,200
1698692802874,POST,2,200
1698692802876,GET,0,200
1698692802876,POST,3,200
1698692802879,GET,0,200
1698692802879,POST,2,200
1698692802881,GET,1,200
1698692802882,POST,2,200
1698692802884,GET,1,200
1698692802885,POST,2,200
1698692802887,GET,0,200
1698692802887,POST,2,200
1698692802889,GET,0,200
1698692802889,POST,2,200
1698692802891,GET,1,200
1698692802892,POST,2,200
1698692802894,GET,0,200
1698692802894,POST,2,200
1698692802896,GET,0,200
1698692802896,POST,2,200
1698692802898,GET,0,200
1698692802898,POST,2,200
1698692802900,GET,0,200
1698692802900,POST,2,200
1698692802902,GET,1,200
1698692802903,POST,2,200
1698692802905,GET,0,200
1698692802905,POST,2,200
1698692802907,GET,0,200
1698692802907,POST,2,200
1698692802909,GET,1,200
1698692802910,POST,2,200
1698692802912,GET,0,200
1698692802912,POST,2,200
1698692802914,GET,0,200
1698692802914,POST,2,200
1698692802916,GET,1,200
1698692802917,POST,2,200
1698692802919,GET,0,200
1698692802919,POST,2,200
1698692802921,GET,0,200
1698692802921,POST,2,200
1698692802923,GET,0,200
1698692802923,POST,2,200
1698692802925,GET,0,200
1698692802925,POST,2,200
1698692802927,GET,0,200
1698692802927,POST,2,200
1698692802929,GET,1,200
1698692802930,POST,2,200
1698692802932,GET,0,200
1698692802932,POST,2,200
1698692802934,GET,0,200
1698692802934,POST,2,200
1698692802936,GET,0,200
1698692802936,POST,2,200
1698692802938,GET,0,200
1698692802938,POST,2,200
1698692802940,GET,0,200
1698692802940,POST,2,200
1698692802942,GET,0,200
1698692802942,POST,2,200
1698692802944,GET,0,200
1698692802944,POST,3,200
1698692802947,GET,0,200
1698692802947,POST,2,200
1698692802949,GET,0,200
1698692802949,POST,2,200
1698692802951,GET,0,200
1698692802951,POST,2,200
1698692802953,GET,1,200
1698692802954,POST,2,200
1698692802956,GET,0,200
1698692802956,POST,2,200
1698692802958,GET,0,200
1698692802958,POST,2,200
1698692802960,GET,0,200
1698692802960,POST,2,200
1698692802962,GET,0,200
1698692802962,POST,2,200
1698692802964,GET,0,200
1698692802964,POST,2,200
1698692802966,GET,0,200
1698692802966,POST,2,200
1698692802968,GET,1,200
1698692802969,POST,2,200
1698692802971,GET,0,200
1698692802971,POST,2,200
1698692802973,GET,1,200
1698692802974,POST,2,200
1698692802976,GET,0,200
1698692802976,POST,1,200
1698692802977,GET,0,200
1698692802977,POST,2,200
1698692802979,GET,1,200
1698692802980,POST,1,200
1698692802981,GET,1,200
1698692802982,POST,2,200
1698692802984,GET,0,200
1698692802984,POST,2,200
1698692802986,GET,0,200
1698692802986,POST,2,200
1698692802988,GET,0,200
1698692802988,POST,2,200
1698692802990,GET,0,200
1698692802990,POST,2,200
1698692802992,GET,0,200
1698692802992,POST,2,200
1698692802994,GET,1,200
1698692802995,POST,2,200
1698692802997,GET,0,200
1698692802997,POST,2,200
1698692802999,GET,0,200
1698692802999,POST,2,200
1698692803001,GET,0,200
1698692803001,POST,2,200
1698692803003,GET,0,200
1698692803003,POST,2,200
1698692803005,GET,1,200
1698692803006,POST,1,200
1698692803007,GET,1,200
1698692803008,POST,2,200
1698692803010,GET,0,200
1698692803010,POST,2,200
1698692803012,GET,0,200
1698692803012,POST,2,200
1698692803014,GET,0,200
1698692803014,POST,3,200
1698692803017,GET,0,200
1698692803017,POST,2,200
1698692803019,GET,0,200
1698692803019,POST,2,200
1698692803021,GET,0,200
1698692803021,POST,2,200
1698692803023,GET,0,200
1698692803023,POST,2,200
1698692803025,GET,1,200
1698692803026,POST,2,200
1698692803028,GET,0,200
1698692803028,POST,2,200
1698692803030,GET,0,200
1698692803030,POST,2,200
1698692803032,GET,0,200
1698692803032,POST,2,200
1698692803034,GET,0,200
1698692803034,POST,2,200
1698692803036,GET,1,200
1698692803037,POST,2,200
1698692803039,GET,0,200
1698692803039,POST,2,200
1698692803041,GET,0,200
1698692803041,POST,2,200
1698692803043,GET,0,200
1698692803043,POST,2,200
1698692803045,GET,0,200
1698692803045,POST,2,200
1698692803047,GET,1,200
1698692803048,POST,4,200
1698692803052,GET,0,200
1698692803052,POST,3,200
1698692803055,GET,0,200
1698692803055,POST,3,200
1698692803058,GET,0,200
1698692803058,POST,3,200
1698692803061,GET,0,200
1698692803061,POST,2,200
1698692803063,GET,0,200
1698692803063,POST,3,200
1698692803066,GET,0,200
1698692803066,POST,2,200
1698692803068,GET,0,200
1698692803068,POST,2,200
1698692803070,GET,0,200
1698692803070,POST,2,200
1698692803072,GET,0,200
1698692803072,POST,2,200
1698692803074,GET,1,200
1698692803075,POST,2,200
1698692803077,GET,0,200
1698692803077,POST,2,200
1698692803079,GET,0,200
1698692803079,POST,2,200
1698692803081,GET,0,200
1698692803081,POST,2,200
1698692803083,GET,0,200
1698692803083,POST,2,200
1698692803085,GET,0,200
1698692803085,POST,2,200
1698692803087,GET,0,200
1698692803087,POST,2,200
1698692803089,GET,0,200
1698692803089,POST,1,200
1698692803090,GET,0,200
1698692803090,POST,2,200
1698692803092,GET,1,200
1698692803093,POST,1,200
1698692803094,GET,1,200
1698692803095,POST,1,200
1698692803096,GET,1,200
1698692803097,POST,2,200
1698692803099,GET,0,200
1698692803099,POST,2,200
1698692803101,GET,0,200
1698692803101,POST,2,200
1698692803103,GET,0,200
1698692803103,POST,2,200
1698692803105,GET,0,200
1698692803105,POST,2,200
1698692803107,GET,0,200
1698692803107,POST,2,200
1698692803109,GET,0,200
1698692803109,POST,2,200
1698692803111,GET,0,200
1698692803111,POST,2,200
1698692803113,GET,0,200
1698692803113,POST,2,200
1698692803115,GET,0,200
1698692803115,POST,2,200
1698692803117,GET,0,200
1698692803117,POST,2,200
1698692803119,GET,1,200
1698692803120,POST,2,200
1698692803122,GET,0,200
1698692803122,POST,2,200
1698692803124,GET,0,200
1698692803124,POST,2,200
1698692803126,GET,0,200
1698692803126,POST,2,200
1698692803128,GET,0,200
1698692803128,POST,2,200
1698692803130,GET,0,200
1698692803130,POST,2,200
1698692803132,GET,0,200
1698692803132,POST,2,200
1698692803134,GET,0,200
1698692803134,POST,2,200
1698692803136,GET,0,200
1698692803136,POST,2,200
1698692803138,GET,1,200
1698692803139,POST,2,200
1698692803141,GET,0,200
1698692803141,POST,2,200
1698692803143,GET,1,200
1698692803144,POST,2,200
1698692803146,GET,0,200
1698692803146,POST,2,200
1698692803148,GET,0,200
1698692803148,POST,2,200
1698692803150,GET,0,200
1698692803150,POST,2,200
1698692803152,GET,1,200
1698692803153,POST,2,200
1698692803155,GET,0,200
1698692803155,POST,2,200
1698692803157,GET,0,200
1698692803157,POST,2,200
1698692803159,GET,0,200
1698692803159,POST,2,200
1698692803161,GET,0,200
1698692803161,POST,2,200
1698692803163,GET,0,200
1698692803163,POST,2,200
1698692803165,GET,0,200
1698692803165,POST,2,200
1698692803167,GET,0,200
1698692803167,POST,2,200
1698692803169,GET,0,200
1698692803169,POST,3,200
1698692803172,GET,0,200
1698692803172,POST,2,200
1698692803174,GET,0,200
1698692803174,POST,2,200
1698692803176,GET,0,200
1698692803176,POST,2,200
1698692803178,GET,0,200
1698692803178,POST,2,200
1698692803180,GET,0,200
1698692803180,POST,2,200
1698692803182,GET,0,200
1698692803182,POST,2,200
1698692803184,GET,0,200
1698692803184,POST,2,200
1698692803186,GET,0,200
1698692803186,POST,2,200
1698692803188,GET,0,200
1698692803188,POST,5,200
1698692803193,GET,1,200
1698692803194,POST,2,200
1698692803196,GET,0,200
1698692803196,POST,2,200
1698692803198,GET,0,200
1698692803198,POST,1,200
1698692803199,GET,0,200
1698692803199,POST,2,200
1698692803201,GET,0,200
1698692803201,POST,2,200
1698692803203,GET,0,200
1698692803203,POST,2,200
1698692803205,GET,0,200
1698692803205,POST,2,200
1698692803207,GET,1,200
1698692803208,POST,1,200
1698692803209,GET,0,200
1698692803209,POST,2,200
1698692803211,GET,0,200
1698692803211,POST,2,200
1698692803213,GET,1,200
1698692803214,POST,1,200
1698692803215,GET,1,200
1698692803216,POST,1,200
1698692803217,GET,1,200
1698692803218,POST,1,200
1698692803219,GET,0,200
1698692803219,POST,2,200
1698692803221,GET,1,200
1698692803222,POST,2,200
1698692803224,GET,0,200
1698692803224,POST,2,200
1698692803226,GET,1,200
1698692803227,POST,1,200
1698692803228,GET,1,200
1698692803229,POST,2,200
1698692803231,GET,0,200
1698692803231,POST,2,200
1698692803233,GET,0,200
1698692803233,POST,2,200
1698692803235,GET,0,200
1698692803235,POST,2,200
1698692803237,GET,0,200
1698692803237,POST,2,200
1698692803239,GET,0,200
1698692803239,POST,2,200
1698692803241,GET,0,200
1698692803241,POST,2,200
1698692803243,GET,1,200
1698692803244,POST,1,200
1698692803245,GET,1,200
1698692803246,POST,1,200
1698692803247,GET,1,200
1698692803248,POST,1,200
1698692803249,GET,1,200
1698692803250,POST,1,200
1698692803251,GET,1,200
1698692803252,POST,2,200
1698692803254,GET,0,200
1698692803254,POST,2,200
1698692803256,GET,0,200
1698692803256,POST,2,200
1698692803258,GET,0,200
1698692803258,POST,2,200
1698692803260,GET,0,200
1698692803260,POST,2,200
1698692803262,GET,0,200
1698692803262,POST,2,200
1698692803264,GET,0,200
1698692803264,POST,2,200
1698692803266,GET,0,200
1698692803266,POST,2,200
1698692803268,GET,0,200
1698692803268,POST,2,200
1698692803270,GET,0,200
1698692803270,POST,2,200
1698692803272,GET,0,200
1698692803272,POST,2,200
1698692803274,GET,0,200
1698692803274,POST,2,200
1698692803276,GET,0,200
1698692803276,POST,2,200
1698692803278,GET,0,200
1698692803278,POST,2,200
1698692803280,GET,0,200
1698692803280,POST,2,200
1698692803282,GET,0,200
1698692803282,POST,2,200
1698692803284,GET,0,200
1698692803284,POST,2,200
1698692803286,GET,0,200
1698692803286,POST,2,200
1698692803288,GET,0,200
1698692803288,POST,2,200
1698692803290,GET,0,200
1698692803290,POST,2,200
1698692803292,GET,0,200
1698692803292,POST,2,200
1698692803294,GET,1,200
1698692803295,POST,1,200
1698692803296,GET,0,200
1698692803296,POST,2,200
1698692803298,GET,0,200
1698692803298,POST,3,200
1698692803301,GET,0,200
1698692803303,POST,1,200
1698692803304,GET,1,200
1698692803305,POST,1,200
1698692803306,GET,1,200
1698692803307,POST,1,200
1698692803308,GET,1,200
1698692803309,POST,2,200
1698692803311,GET,0,200
1698692803311,POST,2,200
1698692803313,GET,0,200
1698692803313,POST,2,200
1698692803315,GET,0,200
1698692803315,POST,2,200
1698692803317,GET,1,200
1698692803318,POST,2,200
1698692803320,GET,0,200
1698692803320,POST,2,200
1698692803322,GET,0,200
1698692803322,POST,2,200
1698692803324,GET,0,200
1698692803324,POST,2,200
1698692803326,GET,1,200
1698692803327,POST,2,200
1698692803329,GET,0,200
1698692803329,POST,2,200
1698692803331,GET,0,200
1698692803331,POST,2,200
1698692803333,GET,1,200
1698692803334,POST,2,200
1698692803336,GET,0,200
1698692803336,POST,2,200
1698692803338,GET,0,200
1698692803338,POST,2,200
1698692803340,GET,1,200
1698692803341,POST,2,200
1698692803343,GET,0,200
1698692803343,POST,2,200
1698692803345,GET,0,200
1698692803345,POST,2,200
1698692803347,GET,0,200
1698692803347,POST,2,200
1698692803349,GET,0,200
1698692803349,POST,2,200
1698692803351,GET,1,200
1698692803352,POST,1,200
1698692803353,GET,1,200
1698692803354,POST,2,200
1698692803356,GET,0,200
1698692803356,POST,2,200
1698692803358,GET,0,200
1698692803358,POST,2,200
1698692803360,GET,0,200
1698692803360,POST,2,200
1698692803362,GET,0,200
1698692803362,POST,2,200
1698692803364,GET,0,200
1698692803364,POST,2,200
1698692803366,GET,0,200
1698692803366,POST,2,200
1698692803368,GET,0,200
1698692803368,POST,2,200
1698692803370,GET,0,200
1698692803370,POST,2,200
1698692803372,GET,0,200
1698692803372,POST,2,200
1698692803374,GET,0,200
1698692803374,POST,2,200
1698692803376,GET,0,200
1698692803376,POST,2,200
1698692803378,GET,0,200
1698692803378,POST,2,200
1698692803380,GET,0,200
1698692803380,POST,2,200
1698692803382,GET,0,200
1698692803382,POST,2,200
1698692803384,GET,0,200
1698692803384,POST,2,200
1698692803386,GET,0,200
1698692803386,POST,2,200
1698692803388,GET,1,200
1698692803389,POST,2,200
1698692803391,GET,0,200
1698692803391,POST,2,200
1698692803393,GET,1,200
1698692803394,POST,2,200
1698692803396,GET,0,200
1698692803396,POST,2,200
1698692803398,GET,0,200
1698692803398,POST,2,200
1698692803400,GET,0,200
1698692803400,POST,2,200
1698692803402,GET,0,200
1698692803402,POST,2,200
1698692803404,GET,0,200
1698692803404,POST,2,200
1698692803406,GET,0,200
1698692803406,POST,2,200
1698692803408,GET,0,200
1698692803408,POST,2,200
1698692803410,GET,0,200
1698692803410,POST,1,200
1698692803411,GET,0,200
1698692803411,POST,2,200
1698692803413,GET,1,200
1698692803414,POST,1,200
1698692803415,GET,0,200
1698692803415,POST,3,200
1698692803418,GET,0,200
1698692803418,POST,3,200
1698692803421,GET,0,200
1698692803421,POST,2,200
1698692803423,GET,0,200
1698692803423,POST,4,200
1698692803427,GET,0,200
1698692803427,POST,2,200
1698692803429,GET,0,200
1698692803429,POST,2,200
1698692803431,GET,1,200
1698692803432,POST,1,200
1698692803433,GET,1,200
1698692803434,POST,1,200
1698692803435,GET,0,200
1698692803435,POST,2,200
1698692803437,GET,0,200
1698692803437,POST,2,200
1698692803439,GET,0,200
1698692803439,POST,2,200
1698692803441,GET,0,200
1698692803441,POST,2,200
1698692803443,GET,0,200
1698692803443,POST,2,200
1698692803445,GET,0,200
1698692803445,POST,2,200
1698692803447,GET,0,200
1698692803447,POST,2,200
1698692803449,GET,0,200
1698692803449,POST,2,200
1698692803451,GET,0,200
1698692803451,POST,2,200
1698692803453,GET,0,200
1698692803453,POST,2,200
1698692803455,GET,0,200
1698692803455,POST,2,200
1698692803457,GET,0,200
1698692803457,POST,2,200
1698692803459,GET,0,200
1698692803459,POST,2,200
1698692803461,GET,0,200
1698692803461,POST,2,200
1698692803463,GET,0,200
1698692803463,POST,2,200
1698692803465,GET,0,200
1698692803465,POST,2,200
1698692803467,GET,0,200
1698692803467,POST,3,200
1698692803470,GET,0,200
1698692803470,POST,2,200
1698692803472,GET,1,200
1698692803473,POST,1,200
1698692803474,GET,1,200
1698692803475,POST,1,200
1698692803476,GET,1,200
1698692803477,POST,1,200
1698692803478,GET,1,200
1698692803479,POST,1,200
1698692803480,GET,0,200
1698692803480,POST,2,200
1698692803482,GET,29,200
1698692803511,POST,2,200
1698692803513,GET,0,200
1698692803513,POST,2,200
1698692803515,GET,0,200
1698692803515,POST,2,200
1698692803517,GET,0,200
1698692803517,POST,2,200
1698692803519,GET,0,200
1698692803519,POST,2,200
1698692803521,GET,1,200
1698692803522,POST,2,200
1698692803524,GET,0,200
1698692803524,POST,2,200
1698692803526,GET,0,200
1698692803526,POST,2,200
1698692803528,GET,0,200
1698692803528,POST,2,200
1698692803530,GET,0,200
1698692803530,POST,2,200
1698692803532,GET,0,200
1698692803532,POST,2,200
1698692803534,GET,0,200
1698692803534,POST,2,200
1698692803536,GET,0,200
1698692803536,POST,2,200
1698692803538,GET,0,200
1698692803538,POST,2,200
1698692803540,GET,0,200
1698692803540,POST,2,200
1698692803542,GET,0,200
1698692803542,POST,2,200
1698692803544,GET,0,200
1698692803544,POST,1,200
1698692803545,GET,1,200
1698692803546,POST,2,200
1698692803548,GET,0,200
1698692803548,POST,2,200
1698692803550,GET,0,200
1698692803550,POST,1,200
1698692803551,GET,0,200
1698692803551,POST,2,200
1698692803553,GET,0,200
1698692803553,POST,2,200
1698692803555,GET,0,200
1698692803555,POST,2,200
1698692803557,GET,0,200
1698692803557,POST,2,200
1698692803559,GET,0,200
1698692803559,POST,2,200
1698692803561,GET,0,200
1698692803561,POST,2,200
1698692803563,GET,0,200
1698692803563,POST,2,200
1698692803565,GET,0,200
1698692803565,POST,2,200
1698692803567,GET,0,200
1698692803567,POST,2,200
1698692803569,GET,0,200
1698692803569,POST,2,200
1698692803571,GET,0,200
1698692803571,POST,2,200
1698692803573,GET,0,200
1698692803573,POST,3,200
1698692803576,GET,0,200
1698692803576,POST,2,200
1698692803578,GET,0,200
1698692803578,POST,2,200
1698692803580,GET,0,200
1698692803580,POST,2,200
1698692803582,GET,0,200
1698692803582,POST,2,200
1698692803584,GET,0,200
1698692803584,POST,1,200
1698692803585,GET,1,200
1698692803586,POST,1,200
1698692803587,GET,0,200
1698692803587,POST,2,200
1698692803589,GET,1,200
1698692803590,POST,1,200
1698692803591,GET,0,200
1698692803591,POST,2,200
1698692803593,GET,0,200
1698692803593,POST,4,200
1698692803597,GET,0,200
1698692803597,POST,5,200
1698692803602,GET,0,200
1698692803602,POST,2,200
1698692803604,GET,0,200
1698692803604,POST,2,200
1698692803606,GET,0,200
1698692803606,POST,2,200
1698692803608,GET,0,200
1698692803608,POST,2,200
1698692803610,GET,0,200
1698692803610,POST,2,200
1698692803612,GET,0,200
1698692803612,POST,1,200
1698692803613,GET,1,200
1698692803614,POST,1,200
1698692803615,GET,1,200
1698692803616,POST,1,200
1698692803617,GET,1,200
1698692803618,POST,1,200
1698692803619,GET,1,200
1698692803620,POST,2,200
1698692803622,GET,0,200
1698692803622,POST,2,200
1698692803624,GET,0,200
1698692803624,POST,2,200
1698692803626,GET,0,200
1698692803626,POST,2,200
1698692803628,GET,0,200
1698692803628,POST,2,200
1698692803630,GET,0,200
1698692803630,POST,3,200
1698692803633,GET,0,200
1698692803633,POST,2,200
1698692803635,GET,0,200
1698692803635,POST,2,200
1698692803637,GET,0,200
1698692803637,POST,2,200
1698692803639,GET,0,200
1698692803639,POST,2,200
1698692803641,GET,0,200
1698692803641,POST,2,200
1698692803643,GET,0,200
1698692803643,POST,2,200
1698692803645,GET,0,200
1698692803645,POST,2,200
1698692803647,GET,0,200
1698692803647,POST,2,200
1698692803649,GET,0,200
1698692803649,POST,2,200
1698692803651,GET,0,200
1698692803651,POST,2,200
1698692803653,GET,0,200
1698692803653,POST,2,200
1698692803655,GET,0,200
1698692803655,POST,2,200
1698692803657,GET,0,200
1698692803657,POST,2,200
1698692803659,GET,0,200
1698692803659,POST,2,200
1698692803661,GET,0,200
1698692803661,POST,3,200
1698692803664,GET,0,200
1698692803664,POST,2,200
1698692803666,GET,0,200
1698692803666,POST,2,200
1698692803668,GET,0,200
1698692803668,POST,2,200
1698692803670,GET,0,200
1698692803670,POST,2,200
1698692803672,GET,0,200
1698692803672,POST,2,200
1698692803674,GET,0,200
1698692803674,POST,2,200
1698692803676,GET,0,200
1698692803676,POST,2,200
1698692803678,GET,0,200
1698692803678,POST,2,200
1698692803680,GET,0,200
1698692803680,POST,2,200
1698692803682,GET,0,200
1698692803682,POST,2,200
1698692803684,GET,0,200
1698692803684,POST,2,200
1698692803686,GET,0,200
1698692803686,POST,2,200
1698692803688,GET,0,200
1698692803688,POST,2,200
1698692803690,GET,0,200
1698692803690,POST,2,200
1698692803692,GET,0,200
1698692803692,POST,2,200
1698692803694,GET,0,200
1698692803694,POST,2,200
1698692803696,GET,0,200
1698692803696,POST,2,200
1698692803698,GET,0,200
1698692803698,POST,2,200
1698692803700,GET,0,200
1698692803700,POST,2,200
1698692803702,GET,0,200
1698692803702,POST,2,200
1698692803704,GET,0,200
1698692803704,POST,2,200
1698692803706,GET,0,200
1698692803706,POST,2,200
1698692803708,GET,0,200
1698692803708,POST,2,200
1698692803710,GET,0,200
1698692803710,POST,2,200
1698692803712,GET,0,200
1698692803712,POST,2,200
1698692803714,GET,0,200
1698692803714,POST,1,200
1698692803715,GET,1,200
1698692803716,POST,1,200
1698692803717,GET,0,200
1698692803717,POST,2,200
1698692803719,GET,0,200
1698692803719,POST,2,200
1698692803721,GET,0,200
1698692803721,POST,2,200
1698692803723,GET,0,200
1698692803723,POST,2,200
1698692803725,GET,1,200
1698692803726,POST,2,200
1698692803728,GET,0,200
1698692803728,POST,2,200
1698692803730,GET,0,200
1698692803730,POST,1,200
1698692803731,GET,1,200
1698692803732,POST,1,200
1698692803733,GET,0,200
1698692803733,POST,2,200
1698692803735,GET,0,200
1698692803735,POST,3,200
1698692803738,GET,0,200
1698692803738,POST,2,200
1698692803740,GET,0,200
1698692803740,POST,2,200
1698692803742,GET,0,200
1698692803742,POST,2,200
1698692803744,GET,0,200
1698692803744,POST,2,200
1698692803746,GET,0,200
1698692803746,POST,2,200
1698692803748,GET,0,200
1698692803748,POST,2,200
1698692803750,GET,0,200
1698692803750,POST,1,200
1698692803751,GET,0,200
1698692803751,POST,2,200
1698692803753,GET,1,200
1698692803754,POST,2,200
1698692803756,GET,0,200
1698692803756,POST,2,200
1698692803758,GET,0,200
1698692803758,POST,2,200
1698692803760,GET,0,200
1698692803760,POST,2,200
1698692803762,GET,0,200
1698692803762,POST,2,200
1698692803764,GET,0,200
1698692803764,POST,2,200
1698692803766,GET,1,200
1698692803767,POST,3,200
1698692803770,GET,0,200
1698692803770,POST,2,200
1698692803772,GET,0,200
1698692803772,POST,2,200
1698692803774,GET,0,200
1698692803774,POST,2,200
1698692803776,GET,0,200
1698692803776,POST,2,200
1698692803778,GET,0,200
1698692803778,POST,2,200
1698692803780,GET,0,200
1698692803780,POST,2,200
1698692803782,GET,0,200
1698692803782,POST,1,200
1698692803783,GET,1,200
1698692803784,POST,1,200
1698692803785,GET,1,200
1698692803786,POST,1,200
1698692803787,GET,1,200
1698692803788,POST,1,200
1698692803789,GET,0,200
1698692803789,POST,2,200
1698692803791,GET,0,200
1698692803791,POST,2,200
1698692803793,GET,0,200
1698692803793,POST,3,200
1698692803796,GET,0,200
1698692803796,POST,2,200
1698692803798,GET,0,200
1698692803798,POST,2,200
1698692803800,GET,0,200
1698692803800,POST,2,200
1698692803802,GET,0,200
1698692803802,POST,2,200
1698692803804,GET,1,200
1698692803805,POST,2,200
1698692803807,GET,0,200
1698692803807,POST,2,200
1698692803809,GET,0,200
1698692803809,POST,2,200
1698692803811,GET,0,200
1698692803811,POST,2,200
1698692803813,GET,0,200
1698692803813,POST,2,200
1698692803815,GET,0,200
1698692803815,POST,3,200
1698692803818,GET,0,200
1698692803818,POST,2,200
1698692803820,GET,0,200
1698692803820,POST,2,200
1698692803822,GET,1,200
1698692803823,POST,2,200
1698692803825,GET,0,200
1698692803825,POST,2,200
1698692803827,GET,0,200
1698692803827,POST,2,200
1698692803829,GET,0,200
1698692803829,POST,2,200
1698692803831,GET,0,200
1698692803831,POST,2,200
1698692803833,GET,0,200
1698692803833,POST,2,200
1698692803835,GET,0,200
1698692803835,POST,2,200
1698692803837,GET,0,200
1698692803837,POST,2,200
1698692803839,GET,0,200
1698692803839,POST,2,200
1698692803841,GET,0,200
1698692803841,POST,2,200
1698692803843,GET,0,200
1698692803843,POST,2,200
1698692803845,GET,0,200
1698692803845,POST,2,200
1698692803847,GET,0,200
1698692803847,POST,2,200
1698692803849,GET,0,200
1698692803849,POST,2,200
1698692803851,GET,0,200
1698692803851,POST,2,200
1698692803853,GET,0,200
1698692803853,POST,2,200
1698692803855,GET,0,200
1698692803855,POST,1,200
1698692803856,GET,1,200
1698692803857,POST,1,200
1698692803858,GET,1,200
1698692803859,POST,1,200
1698692803860,GET,0,200
1698692803860,POST,2,200
1698692803862,GET,0,200
1698692803862,POST,2,200
1698692803864,GET,0,200
1698692803864,POST,2,200
1698692803866,GET,0,200
1698692803866,POST,2,200
1698692803868,GET,0,200
1698692803868,POST,3,200
1698692803871,GET,0,200
1698692803871,POST,2,200
1698692803873,GET,0,200
1698692803873,POST,2,200
1698692803875,GET,0,200
1698692803875,POST,1,200
1698692803876,GET,1,200
1698692803877,POST,1,200
1698692803878,GET,1,200
1698692803879,POST,1,200
1698692803880,GET,0,200
1698692803880,POST,2,200
1698692803882,GET,0,200
1698692803882,POST,3,200
1698692803885,GET,0,200
1698692803885,POST,2,200
1698692803887,GET,0,200
1698692803887,POST,2,200
1698692803889,GET,0,200
1698692803889,POST,2,200
1698692803891,GET,1,200
1698692803892,POST,2,200
1698692803894,GET,0,200
1698692803894,POST,2,200
1698692803896,GET,0,200
1698692803896,POST,2,200
1698692803898,GET,0,200
1698692803898,POST,2,200
1698692803900,GET,0,200
1698692803900,POST,2,200
1698692803902,GET,1,200
1698692803903,POST,2,200
1698692803905,GET,0,200
1698692803905,POST,3,200
1698692803908,GET,0,200
1698692803908,POST,2,200
1698692803910,GET,0,200
1698692803910,POST,2,200
1698692803912,GET,0,200
1698692803912,POST,2,200
1698692803914,GET,0,200
1698692803914,POST,2,200
1698692803916,GET,0,200
1698692803916,POST,2,200
1698692803918,GET,0,200
1698692803918,POST,2,200
1698692803920,GET,0,200
1698692803920,POST,2,200
1698692803922,GET,0,200
1698692803922,POST,2,200
1698692803924,GET,0,200
1698692803924,POST,2,200
1698692803926,GET,0,200
1698692803926,POST,2,200
1698692803928,GET,0,200
1698692803928,POST,2,200
1698692803930,GET,0,200
1698692803930,POST,2,200
1698692803932,GET,0,200
1698692803932,POST,2,200
1698692803934,GET,1,200
1698692803935,POST,1,200
1698692803936,GET,1,200
1698692803937,POST,1,200
1698692803938,GET,1,200
1698692803939,POST,1,200
1698692803940,GET,1,200
1698692803941,POST,2,200
1698692803943,GET,0,200
1698692803943,POST,1,200
1698692803944,GET,1,200
1698692803945,POST,1,200
1698692803946,GET,1,200
1698692803947,POST,1,200
1698692803948,GET,0,200
1698692803948,POST,2,200
1698692803950,GET,0,200
1698692803950,POST,2,200
1698692803952,GET,0,200
1698692803952,POST,2,200
1698692803954,GET,0,200
1698692803954,POST,2,200
1698692803956,GET,0,200
1698692803956,POST,2,200
1698692803958,GET,0,200
1698692803958,POST,2,200
1698692803960,GET,0,200
1698692803960,POST,2,200
1698692803962,GET,0,200
1698692803962,POST,2,200
1698692803964,GET,0,200
1698692803964,POST,2,200
1698692803966,GET,0,200
1698692803966,POST,2,200
1698692803968,GET,0,200
1698692803968,POST,2,200
1698692803970,GET,0,200
1698692803970,POST,2,200
1698692803972,GET,0,200
1698692803972,POST,1,200
1698692803973,GET,1,200
1698692803974,POST,2,200
1698692803976,GET,0,200
1698692803976,POST,2,200
1698692803978,GET,0,200
1698692803978,POST,2,200
1698692803980,GET,0,200
1698692803980,POST,2,200
1698692803982,GET,0,200
1698692803982,POST,2,200
1698692803984,GET,0,200
1698692803984,POST,2,200
1698692803986,GET,0,200
1698692803986,POST,2,200
1698692803988,GET,0,200
1698692803988,POST,2,200
1698692803990,GET,0,200
1698692803990,POST,1,200
1698692803991,GET,1,200
1698692803992,POST,1,200
1698692803993,GET,1,200
1698692803994,POST,1,200
1698692803995,GET,0,200
1698692803995,POST,2,200
1698692803997,GET,0,200
1698692803997,POST,2,200
1698692803999,GET,0,200
1698692803999,POST,2,200
1698692804001,GET,0,200
1698692804001,POST,2,200
1698692804003,GET,1,200
1698692804004,POST,1,200
1698692804005,GET,1,200
1698692804006,POST,2,200
1698692804008,GET,0,200
1698692804008,POST,2,200
1698692804010,GET,0,200
1698692804010,POST,2,200
1698692804012,GET,0,200
1698692804012,POST,2,200
1698692804014,GET,0,200
1698692804014,POST,3,200
1698692804017,GET,0,200
1698692804017,POST,2,200
1698692804019,GET,0,200
1698692804019,POST,2,200
1698692804021,GET,0,200
1698692804021,POST,2,200
1698692804023,GET,0,200
1698692804023,POST,2,200
1698692804025,GET,0,200
1698692804025,POST,2,200
1698692804027,GET,0,200
1698692804027,POST,1,200
1698692804028,GET,1,200
1698692804029,POST,1,200
1698692804030,GET,1,200
1698692804031,POST,2,200
1698692804033,GET,0,200
1698692804033,POST,2,200
1698692804035,GET,0,200
1698692804035,POST,2,200
1698692804037,GET,0,200
1698692804037,POST,2,200
1698692804039,GET,0,200
1698692804039,POST,2,200
1698692804041,GET,0,200
1698692804041,POST,2,200
1698692804043,GET,0,200
1698692804043,POST,2,200
1698692804045,GET,0,200
1698692804045,POST,2,200
1698692804047,GET,0,200
1698692804047,POST,2,200
1698692804049,GET,0,200
1698692804049,POST,2,200
1698692804051,GET,0,200
1698692804051,POST,2,200
1698692804053,GET,0,200
1698692804053,POST,2,200
1698692804055,GET,0,200
1698692804055,POST,3,200
1698692804058,GET,0,200
1698692804058,POST,2,200
1698692804060,GET,0,200
1698692804060,POST,1,200
1698692804061,GET,0,200
1698692804061,POST,2,200
1698692804063,GET,0,200
1698692804063,POST,2,200
1698692804065,GET,0,200
1698692804065,POST,2,200
1698692804067,GET,0,200
1698692804067,POST,2,200
1698692804069,GET,0,200
1698692804069,POST,2,200
1698692804071,GET,0,200
1698692804071,POST,2,200
1698692804073,GET,0,200
1698692804073,POST,2,200
1698692804075,GET,0,200
1698692804075,POST,2,200
1698692804077,GET,0,200
1698692804077,POST,2,200
1698692804079,GET,0,200
1698692804079,POST,2,200
1698692804081,GET,0,200
1698692804081,POST,2,200
1698692804083,GET,0,200
1698692804083,POST,2,200
1698692804085,GET,0,200
1698692804085,POST,1,200
1698692804086,GET,1,200
1698692804087,POST,1,200
1698692804088,GET,1,200
1698692804089,POST,2,200
1698692804091,GET,0,200
1698692804091,POST,2,200
1698692804093,GET,0,200
1698692804093,POST,2,200
1698692804095,GET,0,200
1698692804095,POST,2,200
1698692804097,GET,0,200
1698692804097,POST,2,200
1698692804099,GET,0,200
1698692804099,POST,2,200
1698692804101,GET,0,200
1698692804101,POST,2,200
1698692804103,GET,0,200
1698692804103,POST,2,200
1698692804105,GET,0,200
1698692804105,POST,2,200
1698692804107,GET,0,200
1698692804107,POST,2,200
1698692804109,GET,0,200
1698692804109,POST,2,200
1698692804111,GET,0,200
1698692804111,POST,1,200
1698692804112,GET,1,200
1698692804113,POST,1,200
1698692804114,GET,1,200
1698692804115,POST,1,200
1698692804116,GET,0,200
1698692804116,POST,2,200
1698692804118,GET,0,200
1698692804118,POST,2,200
1698692804120,GET,0,200
1698692804120,POST,2,200
1698692804122,GET,0,200
1698692804122,POST,2,200
1698692804124,GET,0,200
1698692804124,POST,2,200
1698692804126,GET,0,200
1698692804126,POST,2,200
1698692804128,GET,1,200
1698692804129,POST,2,200
1698692804131,GET,0,200
1698692804131,POST,2,200
1698692804133,GET,0,200
1698692804133,POST,3,200
1698692804136,GET,0,200
1698692804136,POST,3,200
1698692804139,GET,0,200
1698692804139,POST,2,200
1698692804141,GET,1,200
1698692804142,POST,1,200
1698692804143,GET,1,200
1698692804144,POST,1,200
1698692804145,GET,1,200
1698692804146,POST,1,200
1698692804147,GET,1,200
1698692804148,POST,1,200
1698692804149,GET,1,200
1698692804150,POST,2,200
1698692804152,GET,0,200
1698692804152,POST,2,200
1698692804154,GET,0,200
1698692804154,POST,2,200
1698692804156,GET,0,200
1698692804156,POST,2,200
1698692804158,GET,0,200
1698692804158,POST,2,200
1698692804160,GET,0,200
1698692804160,POST,2,200
1698692804162,GET,0,200
1698692804162,POST,1,200
1698692804163,GET,0,200
1698692804163,POST,2,200
1698692804165,GET,1,200
1698692804166,POST,1,200
1698692804167,GET,1,200
1698692804168,POST,1,200
1698692804169,GET,1,200
1698692804170,POST,1,200
1698692804171,GET,1,200
1698692804172,POST,1,200
1698692804173,GET,0,200
1698692804173,POST,2,200
1698692804175,GET,0,200
1698692804175,POST,2,200
1698692804177,GET,1,200
1698692804178,POST,1,200
1698692804179,GET,0,200
1698692804179,POST,2,200
1698692804181,GET,0,200
1698692804181,POST,2,200
1698692804183,GET,0,200
1698692804183,POST,2,200
1698692804185,GET,0,200
1698692804185,POST,2,200
1698692804187,GET,0,200
1698692804187,POST,2,200
1698692804189,GET,0,200
1698692804189,POST,2,200
1698692804191,GET,0,200
1698692804191,POST,2,200
1698692804193,GET,0,200
1698692804193,POST,4,200
1698692804197,GET,0,200
1698692804197,POST,2,200
1698692804199,GET,0,200
1698692804199,POST,2,200
1698692804201,GET,0,200
1698692804201,POST,1,200
1698692804202,GET,1,200
1698692804203,POST,1,200
1698692804204,GET,0,200
1698692804204,POST,2,200
1698692804206,GET,0,200
1698692804206,POST,2,200
1698692804208,GET,1,200
1698692804209,POST,2,200
1698692804211,GET,0,200
1698692804211,POST,2,200
1698692804213,GET,1,200
1698692804214,POST,2,200
1698692804216,GET,0,200
1698692804216,POST,2,200
1698692804218,GET,0,200
1698692804218,POST,2,200
1698692804220,GET,0,200
1698692804220,POST,2,200
1698692804222,GET,0,200
1698692804222,POST,2,200
1698692804224,GET,0,200
1698692804224,POST,2,200
1698692804226,GET,1,200
1698692804227,POST,2,200
1698692804229,GET,1,200
1698692804230,POST,2,200
1698692804232,GET,0,200
1698692804232,POST,2,200
1698692804234,GET,0,200
1698692804234,POST,2,200
1698692804236,GET,0,200
1698692804236,POST,2,200
1698692804238,GET,0,200
1698692804238,POST,1,200
1698692804239,GET,1,200
1698692804240,POST,1,200
1698692804241,GET,1,200
1698692804242,POST,1,200
1698692804243,GET,1,200
1698692804244,POST,1,200
1698692804245,GET,0,200
1698692804245,POST,2,200
1698692804247,GET,0,200
1698692804247,POST,2,200
1698692804249,GET,0,200
1698692804249,POST,2,200
1698692804251,GET,0,200
1698692804251,POST,2,200
1698692804253,GET,0,200
1698692804253,POST,2,200
1698692804255,GET,0,200
1698692804255,POST,2,200
1698692804257,GET,0,200
1698692804257,POST,2,200
1698692804259,GET,0,200
1698692804259,POST,2,200
1698692804261,GET,0,200
1698692804261,POST,2,200
1698692804263,GET,0,200
1698692804263,POST,2,200
1698692804265,GET,0,200
1698692804265,POST,1,200
1698692804266,GET,0,200
1698692804266,POST,2,200
1698692804268,GET,0,200
1698692804268,POST,2,200
1698692804270,GET,0,200
1698692804270,POST,2,200
1698692804272,GET,0,200
1698692804272,POST,2,200
1698692804274,GET,0,200
1698692804274,POST,2,200
1698692804276,GET,0,200
1698692804276,POST,5,200
1698692804281,GET,0,200
1698692804281,POST,3,200
1698692804284,GET,0,200
1698692804284,POST,2,200
1698692804286,GET,0,200
1698692804286,POST,2,200
1698692804288,GET,0,200
1698692804288,POST,2,200
1698692804290,GET,0,200
1698692804290,POST,2,200
1698692804292,GET,1,200
1698692804293,POST,2,200
1698692804295,GET,1,200
1698692804296,POST,2,200
1698692804298,GET,0,200
1698692804298,POST,2,200
1698692804300,GET,0,200
1698692804300,POST,2,200
1698692804302,GET,0,200
1698692804302,POST,3,200
1698692804305,GET,0,200
1698692804305,POST,2,200
1698692804307,GET,0,200
1698692804307,POST,2,200
1698692804309,GET,0,200
1698692804309,POST,2,200
1698692804311,GET,0,200
1698692804311,POST,3,200
1698692804314,GET,0,200
1698692804314,POST,2,200
1698692804316,GET,0,200
1698692804316,POST,2,200
1698692804318,GET,1,200
1698692804319,POST,1,200
1698692804320,GET,1,200
1698692804321,POST,1,200
1698692804322,GET,0,200
1698692804322,POST,2,200
1698692804324,GET,0,200
1698692804324,POST,2,200
1698692804326,GET,0,200
1698692804326,POST,2,200
1698692804328,GET,0,200
1698692804328,POST,2,200
1698692804330,GET,0,200
1698692804330,POST,2,200
1698692804332,GET,0,200
1698692804332,POST,2,200
1698692804334,GET,0,200
1698692804334,POST,2,200
1698692804336,GET,0,200
1698692804336,POST,2,200
1698692804338,GET,0,200
1698692804338,POST,2,200
1698692804340,GET,0,200
1698692804340,POST,2,200
1698692804342,GET,0,200
1698692804342,POST,1,200
1698692804343,GET,0,200
1698692804343,POST,2,200
1698692804345,GET,0,200
1698692804345,POST,2,200
1698692804347,GET,0,200
1698692804347,POST,2,200
1698692804349,GET,0,200
1698692804349,POST,2,200
1698692804351,GET,0,200
1698692804351,POST,2,200
1698692804353,GET,0,200
1698692804353,POST,2,200
1698692804355,GET,0,200
1698692804355,POST,1,200
1698692804356,GET,1,200
1698692804357,POST,1,200
1698692804358,GET,0,200
1698692804358,POST,2,200
1698692804360,GET,0,200
1698692804360,POST,2,200
1698692804362,GET,0,200
1698692804362,POST,2,200
1698692804364,GET,0,200
1698692804364,POST,2,200
1698692804366,GET,0,200
1698692804366,POST,2,200
1698692804368,GET,0,200
1698692804368,POST,1,200
1698692804369,GET,1,200
1698692804371,POST,1,200
1698692804372,GET,0,200
1698692804372,POST,2,200
1698692804374,GET,0,200
1698692804374,POST,2,200
1698692804376,GET,1,200
1698692804377,POST,2,200
1698692804379,GET,0,200
1698692804379,POST,2,200
1698692804381,GET,0,200
1698692804381,POST,3,200
1698692804384,GET,0,200
1698692804384,POST,2,200
1698692804386,GET,0,200
1698692804386,POST,2,200
1698692804388,GET,0,200
1698692804388,POST,2,200
1698692804390,GET,0,200
1698692804390,POST,2,200
1698692804392,GET,0,200
1698692804392,POST,1,200
1698692804393,GET,0,200
1698692804393,POST,2,200
1698692804395,GET,0,200
1698692804395,POST,2,200
1698692804397,GET,0,200
1698692804397,POST,2,200
1698692804399,GET,0,200
1698692804399,POST,2,200
1698692804401,GET,0,200
1698692804401,POST,2,200
1698692804403,GET,0,200
1698692804403,POST,2,200
1698692804405,GET,0,200
1698692804405,POST,2,200
1698692804407,GET,0,200
1698692804407,POST,2,200
1698692804409,GET,0,200
1698692804409,POST,2,200
1698692804411,GET,0,200
1698692804411,POST,2,200
1698692804413,GET,0,200
1698692804413,POST,2,200
1698692804415,GET,0,200
1698692804415,POST,2,200
1698692804417,GET,0,200
1698692804417,POST,2,200
1698692804419,GET,0,200
1698692804419,POST,2,200
1698692804421,GET,0,200
1698692804421,POST,2,200
1698692804423,GET,0,200
1698692804423,POST,1,200
1698692804424,GET,1,200
1698692804425,POST,1,200
1698692804426,GET,1,200
1698692804427,POST,1,200
1698692804428,GET,1,200
1698692804429,POST,1,200
1698692804430,GET,0,200
1698692804430,POST,2,200
1698692804432,GET,0,200
1698692804432,POST,2,200
1698692804434,GET,0,200
1698692804434,POST,2,200
1698692804436,GET,0,200
1698692804436,POST,2,200
1698692804438,GET,0,200
1698692804438,POST,2,200
1698692804440,GET,0,200
1698692804440,POST,2,200
1698692804442,GET,0,200
1698692804442,POST,2,200
1698692804444,GET,0,200
1698692804444,POST,2,200
1698692804446,GET,0,200
1698692804446,POST,1,200
1698692804447,GET,1,200
1698692804448,POST,1,200
1698692804449,GET,1,200
1698692804450,POST,2,200
1698692804452,GET,0,200
1698692804452,POST,2,200
1698692804454,GET,0,200
1698692804454,POST,2,200
1698692804456,GET,0,200
1698692804456,POST,2,200
1698692804458,GET,0,200
1698692804458,POST,2,200
1698692804460,GET,0,200
1698692804460,POST,2,200
1698692804462,GET,0,200
1698692804462,POST,2,200
1698692804464,GET,0,200
1698692804464,POST,1,200
1698692804465,GET,1,200
1698692804466,POST,1,200
1698692804467,GET,0,200
1698692804467,POST,2,200
1698692804469,GET,0,200
1698692804469,POST,1,200
1698692804470,GET,1,200
1698692804471,POST,2,200
1698692804473,GET,0,200
1698692804473,POST,2,200
1698692804475,GET,1,200
1698692804476,POST,2,200
1698692804478,GET,0,200
1698692804478,POST,2,200
1698692804480,GET,0,200
1698692804480,POST,1,200
1698692804481,GET,1,200
1698692804482,POST,1,200
1698692804483,GET,0,200
1698692804483,POST,2,200
1698692804485,GET,0,200
1698692804485,POST,2,200
1698692804487,GET,0,200
1698692804487,POST,2,200
1698692804489,GET,0,200
1698692804489,POST,2,200
1698692804491,GET,0,200
1698692804491,POST,2,200
1698692804493,GET,0,200
1698692804493,POST,2,200
1698692804495,GET,0,200
1698692804495,POST,2,200
1698692804497,GET,0,200
1698692804497,POST,2,200
1698692804499,GET,0,200
1698692804499,POST,2,200
1698692804501,GET,0,200
1698692804501,POST,2,200
1698692804503,GET,0,200
1698692804503,POST,2,200
1698692804505,GET,0,200
1698692804505,POST,2,200
1698692804507,GET,0,200
1698692804507,POST,2,200
1698692804509,GET,0,200
1698692804509,POST,2,200
1698692804511,GET,0,200
1698692804511,POST,2,200
1698692804513,GET,0,200
1698692804513,POST,2,200
1698692804515,GET,0,200
1698692804515,POST,1,200
1698692804516,GET,1,200
1698692804517,POST,1,200
1698692804518,GET,0,200
1698692804518,POST,2,200
1698692804520,GET,1,200
1698692804521,POST,1,200
1698692804522,GET,0,200
1698692804522,POST,3,200
1698692804525,GET,0,200
1698692804525,POST,2,200
1698692804527,GET,0,200
1698692804527,POST,2,200
1698692804529,GET,0,200
1698692804529,POST,2,200
1698692804531,GET,0,200
1698692804531,POST,2,200
1698692804533,GET,0,200
1698692804533,POST,2,200
1698692804535,GET,0,200
1698692804535,POST,2,200
1698692804537,GET,0,200
1698692804537,POST,1,200
1698692804538,GET,1,200
1698692804539,POST,1,200
1698692804540,GET,1,200
1698692804541,POST,1,200
1698692804542,GET,0,200
1698692804542,POST,2,200
1698692804544,GET,0,200
1698692804544,POST,2,200
1698692804546,GET,0,200
1698692804546,POST,2,200
1698692804548,GET,0,200
1698692804548,POST,2,200
1698692804550,GET,0,200
1698692804550,POST,2,200
1698692804552,GET,0,200
1698692804552,POST,2,200
1698692804554,GET,0,200
1698692804554,POST,2,200
1698692804556,GET,0,200
1698692804556,POST,2,200
1698692804558,GET,0,200
1698692804558,POST,2,200
1698692804560,GET,0,200
1698692804560,POST,1,200
1698692804561,GET,1,200
1698692804562,POST,1,200
1698692804563,GET,0,200
1698692804563,POST,2,200
1698692804565,GET,0,200
1698692804565,POST,2,200
1698692804567,GET,0,200
1698692804567,POST,1,200
1698692804568,GET,1,200
1698692804569,POST,1,200
1698692804570,GET,1,200
1698692804571,POST,1,200
1698692804572,GET,1,200
1698692804573,POST,1,200
1698692804574,GET,0,200
1698692804574,POST,2,200
1698692804576,GET,0,200
1698692804576,POST,2,200
1698692804578,GET,0,200
1698692804578,POST,2,200
1698692804580,GET,0,200
1698692804580,POST,2,200
1698692804582,GET,0,200
1698692804582,POST,2,200
1698692804584,GET,0,200
1698692804584,POST,2,200
1698692804586,GET,0,200
1698692804586,POST,2,200
1698692804588,GET,0,200
1698692804588,POST,2,200
1698692804590,GET,0,200
1698692804590,POST,1,200
1698692804591,GET,1,200
1698692804592,POST,1,200
1698692804593,GET,0,200
1698692804593,POST,2,200
1698692804595,GET,0,200
1698692804595,POST,2,200
1698692804597,GET,0,200
1698692804597,POST,2,200
1698692804599,GET,0,200
1698692804599,POST,2,200
1698692804601,GET,0,200
1698692804601,POST,2,200
1698692804603,GET,0,200
1698692804603,POST,3,200
1698692804606,GET,0,200
1698692804606,POST,2,200
1698692804608,GET,0,200
1698692804608,POST,2,200
1698692804610,GET,0,200
1698692804610,POST,4,200
1698692804614,GET,0,200
1698692804614,POST,5,200
1698692804619,GET,0,200
1698692804619,POST,2,200
1698692804621,GET,0,200
1698692804621,POST,2,200
1698692804623,GET,0,200
1698692804623,POST,2,200
1698692804625,GET,0,200
1698692804625,POST,2,200
1698692804627,GET,0,200
1698692804627,POST,1,200
1698692804628,GET,1,200
1698692804629,POST,1,200
1698692804630,GET,0,200
1698692804630,POST,2,200
1698692804632,GET,0,200
1698692804632,POST,2,200
1698692804634,GET,0,200
1698692804634,POST,2,200
1698692804636,GET,0,200
1698692804636,POST,2,200
1698692804638,GET,0,200
1698692804638,POST,2,200
1698692804640,GET,0,200
1698692804640,POST,2,200
1698692804642,GET,0,200
1698692804642,POST,2,200
1698692804644,GET,0,200
1698692804644,POST,1,200
1698692804645,GET,1,200
1698692804646,POST,1,200
1698692804647,GET,1,200
1698692804648,POST,1,200
1698692804649,GET,0,200
1698692804649,POST,2,200
1698692804651,GET,1,200
1698692804652,POST,1,200
1698692804653,GET,0,200
1698692804653,POST,2,200
1698692804655,GET,0,200
1698692804655,POST,2,200
1698692804657,GET,0,200
1698692804657,POST,2,200
1698692804659,GET,0,200
1698692804659,POST,2,200
1698692804661,GET,0,200
1698692804661,POST,2,200
1698692804663,GET,0,200
1698692804663,POST,2,200
1698692804665,GET,0,200
1698692804665,POST,2,200
1698692804667,GET,0,200
1698692804667,POST,2,200
1698692804669,GET,0,200
1698692804669,POST,1,200
1698692804670,GET,0,200
1698692804670,POST,2,200
1698692804672,GET,0,200
1698692804672,POST,2,200
1698692804674,GET,0,200
1698692804674,POST,2,200
1698692804676,GET,0,200
1698692804676,POST,2,200
1698692804678,GET,0,200
1698692804678,POST,2,200
1698692804680,GET,0,200
1698692804680,POST,2,200
1698692804682,GET,0,200
1698692804682,POST,2,200
1698692804684,GET,1,200
1698692804685,POST,1,200
1698692804686,GET,1,200
1698692804687,POST,1,200
1698692804688,GET,1,200
1698692804689,POST,1,200
1698692804690,GET,1,200
1698692804691,POST,1,200
1698692804692,GET,0,200
1698692804692,POST,2,200
1698692804694,GET,0,200
1698692804694,POST,2,200
1698692804696,GET,0,200
1698692804696,POST,2,200
1698692804698,GET,0,200
1698692804698,POST,2,200
1698692804700,GET,0,200
1698692804700,POST,2,200
1698692804702,GET,0,200
1698692804702,POST,2,200
1698692804704,GET,0,200
1698692804704,POST,2,200
1698692804706,GET,0,200
1698692804706,POST,2,200
1698692804708,GET,0,200
1698692804708,POST,2,200
1698692804710,GET,0,200
1698692804710,POST,2,200
1698692804712,GET,0,200
1698692804712,POST,2,200
1698692804714,GET,0,200
1698692804714,POST,2,200
1698692804716,GET,0,200
1698692804716,POST,1,200
1698692804717,GET,0,200
1698692804717,POST,2,200
1698692804719,GET,0,200
1698692804719,POST,2,200
1698692804721,GET,1,200
1698692804722,POST,1,200
1698692804723,GET,1,200
1698692804724,POST,1,200
1698692804725,GET,0,200
1698692804725,POST,2,200
1698692804727,GET,0,200
1698692804727,POST,2,200
1698692804729,GET,0,200
1698692804729,POST,2,200
1698692804731,GET,0,200
1698692804731,POST,2,200
1698692804733,GET,0,200
1698692804733,POST,2,200
1698692804735,GET,1,200
1698692804736,POST,1,200
1698692804737,GET,0,200
1698692804737,POST,2,200
1698692804739,GET,0,200
1698692804739,POST,2,200
1698692804741,GET,0,200
1698692804741,POST,2,200
1698692804743,GET,0,200
1698692804743,POST,2,200
1698692804745,GET,0,200
1698692804745,POST,2,200
1698692804747,GET,0,200
1698692804747,POST,2,200
1698692804749,GET,0,200
1698692804749,POST,2,200
1698692804751,GET,0,200
1698692804751,POST,2,200
1698692804753,GET,0,200
1698692804753,POST,3,200
1698692804756,GET,0,200
1698692804756,POST,2,200
1698692804758,GET,0,200
1698692804758,POST,2,200
1698692804760,GET,0,200
1698692804760,POST,2,200
1698692804762,GET,0,200
1698692804762,POST,2,200
1698692804764,GET,0,200
1698692804764,POST,2,200
1698692804766,GET,0,200
1698692804766,POST,2,200
1698692804768,GET,0,200
1698692804768,POST,1,200
1698692804769,GET,0,200
1698692804769,POST,2,200
1698692804771,GET,0,200
1698692804771,POST,2,200
1698692804773,GET,0,200
1698692804773,POST,2,200
1698692804775,GET,0,200
1698692804775,POST,2,200
1698692804777,GET,0,200
1698692804777,POST,1,200
1698692804778,GET,0,200
1698692804778,POST,2,200
1698692804780,GET,0,200
1698692804780,POST,2,200
1698692804782,GET,0,200
1698692804782,POST,2,200
1698692804784,GET,0,200
1698692804784,POST,2,200
1698692804786,GET,0,200
1698692804786,POST,2,200
1698692804788,GET,0,200
1698692804788,POST,2,200
1698692804790,GET,0,200
1698692804790,POST,2,200
1698692804792,GET,0,200
1698692804792,POST,2,200
1698692804794,GET,0,200
1698692804794,POST,1,200
1698692804795,GET,1,200
1698692804796,POST,1,200
1698692804797,GET,0,200
1698692804797,POST,2,200
1698692804799,GET,0,200
1698692804799,POST,2,200
1698692804801,GET,0,200
1698692804801,POST,2,200
1698692804803,GET,0,200
1698692804803,POST,2,200
1698692804805,GET,0,200
1698692804805,POST,2,200
1698692804807,GET,0,200
1698692804807,POST,2,200
1698692804809,GET,0,200
1698692804809,POST,2,200
1698692804811,GET,0,200
1698692804811,POST,2,200
1698692804813,GET,0,200
1698692804813,POST,2,200
1698692804815,GET,0,200
1698692804815,POST,2,200
1698692804817,GET,0,200
1698692804817,POST,3,200
1698692804820,GET,0,200
1698692804820,POST,3,200
1698692804823,GET,0,200
1698692804823,POST,2,200
1698692804825,GET,0,200
1698692804825,POST,2,200
1698692804827,GET,0,200
1698692804827,POST,2,200
1698692804829,GET,0,200
1698692804829,POST,3,200
1698692804832,GET,0,200
1698692804832,POST,2,200
1698692804834,GET,0,200
1698692804834,POST,2,200
1698692804836,GET,0,200
1698692804836,POST,2,200
1698692804838,GET,0,200
1698692804838,POST,2,200
1698692804840,GET,0,200
1698692804840,POST,3,200
1698692804843,GET,0,200
1698692804843,POST,2,200
1698692804845,GET,0,200
1698692804845,POST,2,200
1698692804847,GET,0,200
1698692804847,POST,3,200
1698692804850,GET,0,200
1698692804850,POST,1,200
1698692804851,GET,1,200
1698692804852,POST,1,200
1698692804853,GET,0,200
1698692804853,POST,2,200
1698692804855,GET,0,200
1698692804855,POST,2,200
1698692804857,GET,0,200
1698692804857,POST,2,200
1698692804859,GET,0,200
1698692804859,POST,2,200
1698692804861,GET,0,200
1698692804861,POST,2,200
1698692804863,GET,0,200
1698692804863,POST,2,200
1698692804865,GET,0,200
1698692804865,POST,2,200
1698692804867,GET,0,200
1698692804867,POST,2,200
1698692804869,GET,0,200
1698692804869,POST,1,200
1698692804870,GET,0,200
1698692804870,POST,2,200
1698692804872,GET,1,200
1698692804873,POST,1,200
1698692804874,GET,1,200
1698692804875,POST,1,200
1698692804876,GET,0,200
1698692804876,POST,2,200
1698692804878,GET,0,200
1698692804878,POST,2,200
1698692804880,GET,0,200
1698692804880,POST,2,200
1698692804882,GET,0,200
1698692804882,POST,2,200
1698692804884,GET,0,200
1698692804884,POST,2,200
1698692804886,GET,0,200
1698692804886,POST,2,200
1698692804888,GET,0,200
1698692804888,POST,2,200
1698692804890,GET,0,200
1698692804890,POST,2,200
1698692804892,GET,0,200
1698692804892,POST,2,200
1698692804894,GET,0,200
1698692804894,POST,2,200
1698692804896,GET,0,200
1698692804896,POST,2,200
1698692804898,GET,0,200
1698692804898,POST,2,200
1698692804900,GET,0,200
1698692804900,POST,2,200
1698692804902,GET,0,200
1698692804902,POST,2,200
1698692804904,GET,0,200
1698692804904,POST,2,200
1698692804906,GET,0,200
1698692804906,POST,2,200
1698692804908,GET,0,200
1698692804908,POST,2,200
1698692804910,GET,0,200
1698692804910,POST,2,200
1698692804912,GET,0,200
1698692804912,POST,2,200
1698692804914,GET,0,200
1698692804914,POST,2,200
1698692804916,GET,0,200
1698692804916,POST,2,200
1698692804918,GET,0,200
1698692804918,POST,2,200
1698692804920,GET,0,200
1698692804920,POST,2,200
1698692804922,GET,0,200
1698692804922,POST,2,200
1698692804924,GET,0,200
1698692804924,POST,2,200
1698692804926,GET,0,200
1698692804926,POST,2,200
1698692804928,GET,0,200
1698692804928,POST,2,200
1698692804930,GET,0,200
1698692804930,POST,2,200
1698692804932,GET,0,200
1698692804932,POST,2,200
1698692804934,GET,0,200
1698692804934,POST,2,200
1698692804936,GET,0,200
1698692804936,POST,2,200
1698692804938,GET,0,200
1698692804938,POST,2,200
1698692804940,GET,0,200
1698692804940,POST,2,200
1698692804942,GET,0,200
1698692804942,POST,2,200
1698692804944,GET,0,200
1698692804944,POST,2,200
1698692804946,GET,0,200
1698692804946,POST,2,200
1698692804948,GET,0,200
1698692804948,POST,2,200
1698692804950,GET,0,200
1698692804950,POST,2,200
1698692804952,GET,0,200
1698692804952,POST,2,200
1698692804954,GET,0,200
1698692804954,POST,1,200
1698692804955,GET,0,200
1698692804955,POST,2,200
1698692804957,GET,0,200
1698692804957,POST,2,200
1698692804959,GET,0,200
1698692804959,POST,2,200
1698692804961,GET,0,200
1698692804961,POST,2,200
1698692804963,GET,0,200
1698692804963,POST,2,200
1698692804965,GET,0,200
1698692804965,POST,2,200
1698692804967,GET,0,200
1698692804967,POST,1,200
1698692804968,GET,0,200
1698692804968,POST,2,200
1698692804970,GET,1,200
1698692804971,POST,1,200
1698692804972,GET,0,200
1698692804972,POST,2,200
1698692804974,GET,0,200
1698692804974,POST,2,200
1698692804976,GET,0,200
1698692804976,POST,2,200
1698692804978,GET,0,200
1698692804978,POST,2,200
1698692804980,GET,0,200
1698692804980,POST,2,200
1698692804982,GET,0,200
1698692804982,POST,2,200
1698692804984,GET,1,200
1698692804985,POST,2,200
1698692804987,GET,0,200
1698692804987,POST,2,200
1698692804989,GET,0,200
1698692804989,POST,2,200
1698692804991,GET,0,200
1698692804991,POST,2,200
1698692804993,GET,0,200
1698692804993,POST,2,200
1698692804995,GET,0,200
1698692804995,POST,2,200
1698692804997,GET,0,200
1698692804997,POST,1,200
1698692804998,GET,1,200
1698692804999,POST,1,200
1698692805000,GET,1,200
1698692805001,POST,1,200
1698692805002,GET,0,200
1698692805002,POST,2,200
1698692805004,GET,0,200
1698692805004,POST,2,200
1698692805006,GET,0,200
1698692805006,POST,2,200
1698692805008,GET,0,200
1698692805008,POST,2,200
1698692805010,GET,0,200
1698692805010,POST,2,200
1698692805012,GET,0,200
1698692805012,POST,2,200
1698692805014,GET,0,200
1698692805014,POST,2,200
1698692805016,GET,0,200
1698692805016,POST,1,200
1698692805017,GET,1,200
1698692805018,POST,1,200
1698692805019,GET,0,200
1698692805019,POST,2,200
1698692805021,GET,0,200
1698692805021,POST,2,200
1698692805023,GET,0,200
1698692805023,POST,2,200
1698692805025,GET,0,200
1698692805025,POST,2,200
1698692805027,GET,0,200
1698692805027,POST,2,200
1698692805029,GET,0,200
1698692805029,POST,2,200
1698692805031,GET,0,200
1698692805031,POST,2,200
1698692805033,GET,0,200
1698692805033,POST,2,200
1698692805035,GET,0,200
1698692805035,POST,2,200
1698692805037,GET,0,200
1698692805037,POST,1,200
1698692805038,GET,1,200
1698692805039,POST,1,200
1698692805040,GET,1,200
1698692805041,POST,1,200
1698692805042,GET,0,200
1698692805042,POST,2,200
1698692805044,GET,0,200
1698692805044,POST,2,200
1698692805046,GET,0,200
1698692805046,POST,2,200
1698692805048,GET,0,200
1698692805048,POST,2,200
1698692805050,GET,0,200
1698692805050,POST,2,200
1698692805052,GET,0,200
1698692805052,POST,2,200
1698692805054,GET,0,200
1698692805054,POST,2,200
1698692805056,GET,0,200
1698692805056,POST,2,200
1698692805058,GET,0,200
1698692805058,POST,2,200
1698692805060,GET,0,200
1698692805060,POST,1,200
1698692805061,GET,1,200
1698692805062,POST,1,200
1698692805063,GET,1,200
1698692805064,POST,1,200
1698692805065,GET,0,200
1698692805065,POST,3,200
1698692805068,GET,0,200
1698692805068,POST,2,200
1698692805070,GET,0,200
1698692805070,POST,2,200
1698692805072,GET,0,200
1698692805072,POST,2,200
1698692805074,GET,0,200
1698692805074,POST,2,200
1698692805076,GET,0,200
1698692805076,POST,2,200
1698692805078,GET,0,200
1698692805078,POST,2,200
1698692805080,GET,0,200
1698692805080,POST,2,200
1698692805082,GET,0,200
1698692805082,POST,2,200
1698692805084,GET,0,200
1698692805084,POST,2,200
1698692805086,GET,0,200
1698692805086,POST,2,200
1698692805088,GET,0,200
1698692805088,POST,2,200
1698692805090,GET,0,200
1698692805090,POST,2,200
1698692805092,GET,0,200
1698692805092,POST,2,200
1698692805094,GET,0,200
1698692805094,POST,2,200
1698692805096,GET,0,200
1698692805096,POST,2,200
1698692805098,GET,0,200
1698692805098,POST,1,200
1698692805099,GET,1,200
1698692805100,POST,1,200
1698692805101,GET,0,200
1698692805101,POST,2,200
1698692805103,GET,0,200
1698692805103,POST,2,200
1698692805105,GET,0,200
1698692805105,POST,2,200
1698692805107,GET,0,200
1698692805107,POST,2,200
1698692805109,GET,0,200
1698692805109,POST,2,200
1698692805111,GET,0,200
1698692805111,POST,2,200
1698692805113,GET,0,200
1698692805113,POST,2,200
1698692805115,GET,0,200
1698692805115,POST,2,200
1698692805117,GET,0,200
1698692805117,POST,2,200
1698692805119,GET,0,200
1698692805119,POST,2,200
1698692805121,GET,0,200
1698692805121,POST,2,200
1698692805123,GET,0,200
1698692805123,POST,2,200
1698692805125,GET,0,200
1698692805125,POST,2,200
1698692805127,GET,0,200
1698692805127,POST,2,200
1698692805129,GET,0,200
1698692805129,POST,2,200
1698692805131,GET,0,200
1698692805131,POST,2,200
1698692805133,GET,0,200
1698692805133,POST,1,200
1698692805134,GET,0,200
1698692805134,POST,2,200
1698692805136,GET,0,200
1698692805136,POST,2,200
1698692805138,GET,1,200
1698692805139,POST,2,200
1698692805141,GET,0,200
1698692805141,POST,2,200
1698692805143,GET,0,200
1698692805143,POST,2,200
1698692805145,GET,0,200
1698692805145,POST,2,200
1698692805147,GET,0,200
1698692805147,POST,2,200
1698692805149,GET,0,200
1698692805149,POST,2,200
1698692805151,GET,0,200
1698692805151,POST,2,200
1698692805153,GET,0,200
1698692805153,POST,2,200
1698692805155,GET,0,200
1698692805155,POST,2,200
1698692805157,GET,0,200
1698692805157,POST,2,200
1698692805159,GET,0,200
1698692805159,POST,1,200
1698692805160,GET,1,200
1698692805161,POST,1,200
1698692805162,GET,1,200
1698692805163,POST,1,200
1698692805164,GET,0,200
1698692805164,POST,2,200
1698692805166,GET,0,200
1698692805166,POST,1,200
1698692805167,GET,0,200
1698692805167,POST,2,200
1698692805169,GET,0,200
1698692805169,POST,2,200
1698692805171,GET,0,200
1698692805171,POST,2,200
1698692805173,GET,0,200
1698692805173,POST,2,200
1698692805175,GET,0,200
1698692805175,POST,2,200
1698692805177,GET,0,200
1698692805177,POST,2,200
1698692805179,GET,0,200
1698692805179,POST,2,200
1698692805181,GET,0,200
1698692805181,POST,2,200
1698692805183,GET,0,200
1698692805183,POST,2,200
1698692805185,GET,0,200
1698692805185,POST,2,200
1698692805187,GET,0,200
1698692805187,POST,2,200
1698692805189,GET,0,200
1698692805189,POST,1,200
1698692805190,GET,1,200
1698692805191,POST,1,200
1698692805192,GET,0,200
1698692805192,POST,2,200
1698692805194,GET,0,200
1698692805194,POST,2,200
1698692805196,GET,0,200
1698692805196,POST,2,200
1698692805198,GET,0,200
1698692805198,POST,2,200
1698692805200,GET,0,200
1698692805200,POST,2,200
1698692805202,GET,0,200
1698692805202,POST,1,200
1698692805203,GET,1,200
1698692805204,POST,1,200
1698692805205,GET,0,200
1698692805205,POST,2,200
1698692805207,GET,0,200
1698692805207,POST,2,200
1698692805209,GET,0,200
1698692805209,POST,3,200
1698692805212,GET,0,200
1698692805212,POST,2,200
1698692805214,GET,0,200
1698692805214,POST,2,200
1698692805216,GET,0,200
1698692805216,POST,2,200
1698692805218,GET,0,200
1698692805218,POST,2,200
1698692805220,GET,0,200
1698692805220,POST,2,200
1698692805222,GET,0,200
1698692805222,POST,2,200
1698692805224,GET,0,200
1698692805224,POST,2,200
1698692805226,GET,0,200
1698692805226,POST,1,200
1698692805227,GET,1,200
1698692805228,POST,1,200
1698692805229,GET,0,200
1698692805229,POST,2,200
1698692805231,GET,0,200
1698692805231,POST,2,200
1698692805233,GET,0,200
1698692805233,POST,2,200
1698692805235,GET,0,200
1698692805235,POST,2,200
1698692805237,GET,0,200
1698692805237,POST,2,200
1698692805239,GET,0,200
1698692805239,POST,2,200
1698692805241,GET,0,200
1698692805241,POST,2,200
1698692805243,GET,0,200
1698692805243,POST,1,200
1698692805244,GET,1,200
1698692805245,POST,1,200
1698692805246,GET,0,200
1698692805246,POST,2,200
1698692805248,GET,0,200
1698692805248,POST,2,200
1698692805250,GET,0,200
1698692805250,POST,2,200
1698692805252,GET,0,200
1698692805252,POST,2,200
1698692805254,GET,0,200
1698692805254,POST,2,200
1698692805256,GET,0,200
1698692805256,POST,2,200
1698692805258,GET,0,200
1698692805258,POST,1,200
1698692805259,GET,0,200
1698692805259,POST,2,200
1698692805261,GET,0,200
1698692805261,POST,2,200
1698692805263,GET,0,200
1698692805263,POST,2,200
1698692805265,GET,0,200
1698692805265,POST,2,200
1698692805267,GET,0,200
1698692805267,POST,2,200
1698692805269,GET,0,200
1698692805269,POST,2,200
1698692805271,GET,0,200
1698692805271,POST,2,200
1698692805273,GET,0,200
1698692805273,POST,2,200
1698692805275,GET,0,200
1698692805275,POST,2,200
1698692805277,GET,0,200
1698692805277,POST,2,200
1698692805279,GET,0,200
1698692805279,POST,2,200
1698692805281,GET,0,200
1698692805281,POST,2,200
1698692805283,GET,0,200
1698692805283,POST,2,200
1698692805285,GET,0,200
1698692805285,POST,2,200
1698692805287,GET,0,200
1698692805287,POST,2,200
1698692805289,GET,0,200
1698692805289,POST,2,200
1698692805291,GET,0,200
1698692805291,POST,2,200
1698692805293,GET,1,200
1698692805294,POST,2,200
1698692805296,GET,0,200
1698692805296,POST,2,200
1698692805298,GET,1,200
1698692805299,POST,2,200
1698692805301,GET,0,200
1698692805301,POST,2,200
1698692805303,GET,0,200
1698692805303,POST,2,200
1698692805305,GET,0,200
1698692805305,POST,2,200
1698692805307,GET,0,200
1698692805307,POST,2,200
1698692805309,GET,0,200
1698692805309,POST,2,200
1698692805311,GET,0,200
1698692805311,POST,2,200
1698692805313,GET,0,200
1698692805313,POST,2,200
1698692805315,GET,0,200
1698692805315,POST,2,200
1698692805317,GET,0,200
1698692805317,POST,2,200
1698692805319,GET,0,200
1698692805319,POST,2,200
1698692805321,GET,1,200
1698692805322,POST,2,200
1698692805324,GET,0,200
1698692805324,POST,2,200
1698692805326,GET,0,200
1698692805326,POST,2,200
1698692805328,GET,0,200
1698692805328,POST,2,200
1698692805330,GET,0,200
1698692805330,POST,2,200
1698692805332,GET,0,200
1698692805332,POST,2,200
1698692805334,GET,0,200
1698692805334,POST,2,200
1698692805336,GET,0,200
1698692805336,POST,2,200
1698692805338,GET,1,200
1698692805339,POST,1,200
1698692805340,GET,1,200
1698692805341,POST,2,200
1698692805343,GET,0,200
1698692805343,POST,2,200
1698692805345,GET,0,200
1698692805345,POST,2,200
1698692805347,GET,0,200
1698692805347,POST,2,200
1698692805349,GET,0,200
1698692805349,POST,1,200
1698692805350,GET,1,200
1698692805351,POST,2,200
1698692805353,GET,0,200
1698692805353,POST,2,200
1698692805355,GET,0,200
1698692805355,POST,2,200
1698692805357,GET,0,200
1698692805357,POST,2,200
1698692805359,GET,0,200
1698692805359,POST,2,200
1698692805361,GET,0,200
1698692805362,POST,1,200
1698692805363,GET,1,200
1698692805364,POST,2,200
1698692805366,GET,0,200
1698692805366,POST,1,200
1698692805367,GET,1,200
1698692805368,POST,2,200
1698692805370,GET,0,200
1698692805370,POST,2,200
1698692805372,GET,0,200
1698692805372,POST,3,200
1698692805375,GET,0,200
1698692805375,POST,2,200
1698692805377,GET,0,200
1698692805377,POST,2,200
1698692805379,GET,0,200
1698692805379,POST,2,200
1698692805381,GET,0,200
1698692805381,POST,2,200
1698692805383,GET,0,200
1698692805383,POST,2,200
1698692805385,GET,0,200
1698692805385,POST,2,200
1698692805387,GET,0,200
1698692805387,POST,2,200
1698692805389,GET,0,200
1698692805389,POST,2,200
1698692805391,GET,0,200
1698692805391,POST,2,200
1698692805393,GET,0,200
1698692805393,POST,2,200
1698692805395,GET,0,200
1698692805395,POST,2,200
1698692805397,GET,0,200
1698692805397,POST,2,200
1698692805399,GET,0,200
1698692805399,POST,2,200
1698692805401,GET,0,200
1698692805401,POST,2,200
1698692805403,GET,0,200
1698692805403,POST,2,200
1698692805405,GET,0,200
1698692805405,POST,2,200
1698692805407,GET,0,200
1698692805407,POST,2,200
1698692805409,GET,0,200
1698692805409,POST,2,200
1698692805411,GET,0,200
1698692805411,POST,2,200
1698692805413,GET,0,200
1698692805413,POST,2,200
1698692805415,GET,0,200
1698692805415,POST,2,200
1698692805417,GET,0,200
1698692805417,POST,2,200
1698692805419,GET,0,200
1698692805419,POST,2,200
1698692805421,GET,0,200
1698692805421,POST,2,200
1698692805423,GET,0,200
1698692805423,POST,2,200
1698692805425,GET,0,200
1698692805425,POST,2,200
1698692805427,GET,0,200
1698692805427,POST,2,200
1698692805429,GET,0,200
1698692805429,POST,2,200
1698692805431,GET,0,200
1698692805431,POST,2,200
1698692805433,GET,0,200
1698692805433,POST,2,200
1698692805435,GET,0,200
1698692805435,POST,2,200
1698692805437,GET,0,200
1698692805437,POST,2,200
1698692805439,GET,0,200
1698692805439,POST,2,200
1698692805441,GET,0,200
1698692805441,POST,2,200
1698692805443,GET,0,200
1698692805443,POST,2,200
1698692805445,GET,0,200
1698692805445,POST,3,200
1698692805448,GET,0,200
1698692805448,POST,2,200
1698692805450,GET,0,200
1698692805450,POST,2,200
1698692805452,GET,0,200
1698692805452,POST,1,200
1698692805453,GET,1,200
1698692805454,POST,1,200
1698692805455,GET,0,200
1698692805455,POST,2,200
1698692805457,GET,0,200
1698692805457,POST,2,200
1698692805459,GET,0,200
1698692805459,POST,2,200
1698692805461,GET,0,200
1698692805461,POST,2,200
1698692805463,GET,0,200
1698692805463,POST,1,200
1698692805464,GET,0,200
1698692805464,POST,2,200
1698692805466,GET,0,200
1698692805466,POST,2,200
1698692805468,GET,0,200
1698692805468,POST,2,200
1698692805470,GET,0,200
1698692805470,POST,2,200
1698692805472,GET,0,200
1698692805472,POST,2,200
1698692805474,GET,0,200
1698692805474,POST,2,200
1698692805476,GET,0,200
1698692805476,POST,2,200
1698692805478,GET,0,200
1698692805478,POST,2,200
1698692805480,GET,0,200
1698692805480,POST,2,200
1698692805482,GET,0,200
1698692805482,POST,1,200
1698692805483,GET,1,200
1698692805484,POST,1,200
1698692805485,GET,0,200
1698692805485,POST,2,200
1698692805487,GET,0,200
1698692805487,POST,2,200
1698692805489,GET,0,200
1698692805489,POST,2,200
1698692805491,GET,0,200
1698692805491,POST,2,200
1698692805493,GET,0,200
1698692805493,POST,2,200
1698692805495,GET,0,200
1698692805495,POST,2,200
1698692805497,GET,0,200
1698692805497,POST,2,200
1698692805499,GET,0,200
1698692805499,POST,2,200
1698692805501,GET,0,200
1698692805501,POST,2,200
1698692805503,GET,0,200
1698692805503,POST,2,200
1698692805505,GET,0,200
1698692805505,POST,2,200
1698692805507,GET,0,200
1698692805507,POST,1,200
1698692805508,GET,0,200
1698692805508,POST,2,200
1698692805510,GET,0,200
1698692805510,POST,2,200
1698692805512,GET,0,200
1698692805512,POST,2,200
1698692805514,GET,0,200
1698692805514,POST,2,200
1698692805516,GET,0,200
1698692805516,POST,2,200
1698692805518,GET,0,200
1698692805518,POST,2,200
1698692805520,GET,0,200
1698692805520,POST,1,200
1698692805521,GET,1,200
1698692805522,POST,1,200
1698692805523,GET,0,200
1698692805523,POST,2,200
1698692805525,GET,0,200
1698692805525,POST,2,200
1698692805527,GET,1,200
1698692805528,POST,2,200
1698692805530,GET,0,200
1698692805530,POST,2,200
1698692805532,GET,0,200
1698692805532,POST,2,200
1698692805534,GET,1,200
1698692805535,POST,1,200
1698692805536,GET,0,200
1698692805536,POST,2,200
1698692805538,GET,0,200
1698692805538,POST,2,200
1698692805540,GET,0,200
1698692805540,POST,2,200
1698692805542,GET,0,200
1698692805542,POST,2,200
1698692805544,GET,0,200
1698692805544,POST,2,200
1698692805546,GET,0,200
1698692805546,POST,2,200
1698692805548,GET,0,200
1698692805548,POST,2,200
1698692805550,GET,0,200
1698692805550,POST,2,200
1698692805552,GET,0,200
1698692805552,POST,1,200
1698692805553,GET,0,200
1698692805553,POST,2,200
1698692805555,GET,0,200
1698692805555,POST,2,200
1698692805557,GET,0,200
1698692805557,POST,2,200
1698692805559,GET,0,200
1698692805559,POST,1,200
1698692805560,GET,1,200
1698692805561,POST,1,200
1698692805562,GET,0,200
1698692805562,POST,2,200
1698692805564,GET,0,200
1698692805564,POST,2,200
1698692805566,GET,0,200
1698692805566,POST,2,200
1698692805568,GET,0,200
1698692805568,POST,2,200
1698692805570,GET,0,200
1698692805570,POST,2,200
1698692805572,GET,0,200
1698692805572,POST,2,200
1698692805574,GET,0,200
1698692805574,POST,2,200
1698692805576,GET,0,200
1698692805576,POST,2,200
1698692805578,GET,0,200
1698692805578,POST,2,200
1698692805580,GET,0,200
1698692805580,POST,2,200
1698692805582,GET,0,200
1698692805582,POST,1,200
1698692805583,GET,0,200
1698692805583,POST,2,200
1698692805585,GET,0,200
1698692805585,POST,2,200
1698692805587,GET,0,200
1698692805587,POST,2,200
1698692805589,GET,0,200
1698692805589,POST,2,200
1698692805591,GET,0,200
1698692805591,POST,2,200
1698692805593,GET,0,200
1698692805593,POST,2,200
1698692805595,GET,0,200
1698692805595,POST,2,200
1698692805597,GET,0,200
1698692805597,POST,2,200
1698692805599,GET,0,200
1698692805599,POST,2,200
1698692805601,GET,0,200
1698692805601,POST,2,200
1698692805603,GET,0,200
1698692805603,POST,2,200
1698692805605,GET,0,200
1698692805605,POST,2,200
1698692805607,GET,0,200
1698692805607,POST,2,200
1698692805609,GET,0,200
1698692805609,POST,1,200
1698692805610,GET,1,200
1698692805611,POST,1,200
1698692805612,GET,0,200
1698692805612,POST,2,200
1698692805614,GET,0,200
1698692805614,POST,2,200
1698692805616,GET,0,200
1698692805616,POST,2,200
1698692805618,GET,0,200
1698692805618,POST,2,200
1698692805620,GET,0,200
1698692805620,POST,2,200
1698692805622,GET,0,200
1698692805622,POST,2,200
1698692805624,GET,0,200
1698692805624,POST,1,200
1698692805625,GET,1,200
1698692805626,POST,1,200
1698692805627,GET,0,200
1698692805627,POST,2,200
1698692805629,GET,0,200
1698692805629,POST,2,200
1698692805631,GET,0,200
1698692805631,POST,2,200
1698692805633,GET,0,200
1698692805633,POST,2,200
1698692805635,GET,0,200
1698692805635,POST,2,200
1698692805637,GET,0,200
1698692805637,POST,1,200
1698692805638,GET,0,200
1698692805638,POST,2,200
1698692805640,GET,0,200
1698692805640,POST,2,200
1698692805642,GET,0,200
1698692805642,POST,6,200
1698692805648,GET,0,200
1698692805648,POST,2,200
1698692805650,GET,0,200
1698692805650,POST,1,200
1698692805651,GET,1,200
1698692805652,POST,1,200
1698692805653,GET,0,200
1698692805653,POST,2,200
1698692805655,GET,0,200
1698692805655,POST,2,200
1698692805657,GET,0,200
1698692805657,POST,1,200
1698692805658,GET,0,200
1698692805658,POST,2,200
1698692805660,GET,0,200
1698692805660,POST,2,200
1698692805662,GET,0,200
1698692805662,POST,2,200
1698692805664,GET,0,200
1698692805664,POST,2,200
1698692805666,GET,0,200
1698692805666,POST,2,200
1698692805668,GET,0,200
1698692805668,POST,2,200
1698692805670,GET,0,200
1698692805670,POST,2,200
1698692805672,GET,0,200
1698692805672,POST,2,200
1698692805674,GET,0,200
1698692805674,POST,2,200
1698692805676,GET,0,200
1698692805676,POST,2,200
1698692805678,GET,0,200
1698692805678,POST,2,200
1698692805680,GET,0,200
1698692805680,POST,2,200
1698692805682,GET,0,200
1698692805682,POST,2,200
1698692805684,GET,0,200
1698692805684,POST,2,200
1698692805686,GET,0,200
1698692805686,POST,2,200
1698692805688,GET,0,200
1698692805688,POST,2,200
1698692805690,GET,0,200
1698692805690,POST,2,200
1698692805692,GET,0,200
1698692805692,POST,2,200
1698692805694,GET,0,200
1698692805694,POST,2,200
1698692805696,GET,0,200
1698692805696,POST,2,200
1698692805698,GET,0,200
1698692805698,POST,2,200
1698692805700,GET,0,200
1698692805700,POST,2,200
1698692805702,GET,0,200
1698692805702,POST,2,200
1698692805704,GET,0,200
1698692805704,POST,2,200
1698692805706,GET,0,200
1698692805706,POST,1,200
1698692805707,GET,1,200
1698692805708,POST,2,200
1698692805710,GET,0,200
1698692805710,POST,1,200
1698692805711,GET,0,200
1698692805711,POST,2,200
1698692805713,GET,0,200
1698692805713,POST,2,200
1698692805715,GET,0,200
1698692805715,POST,2,200
1698692805717,GET,0,200
1698692805717,POST,2,200
1698692805719,GET,0,200
1698692805719,POST,2,200
1698692805721,GET,0,200
1698692805721,POST,2,200
1698692805723,GET,0,200
1698692805723,POST,2,200
1698692805725,GET,0,200
1698692805725,POST,2,200
1698692805727,GET,0,200
1698692805727,POST,2,200
1698692805729,GET,0,200
1698692805729,POST,2,200
1698692805731,GET,0,200
1698692805731,POST,2,200
1698692805733,GET,0,200
1698692805733,POST,2,200
1698692805735,GET,0,200
1698692805735,POST,2,200
1698692805737,GET,0,200
1698692805737,POST,2,200
1698692805739,GET,0,200
1698692805739,POST,2,200
1698692805741,GET,0,200
1698692805741,POST,2,200
1698692805743,GET,0,200
1698692805743,POST,2,200
1698692805745,GET,0,200
1698692805745,POST,2,200
1698692805747,GET,0,200
1698692805747,POST,2,200
1698692805749,GET,0,200
1698692805749,POST,2,200
1698692805751,GET,0,200
1698692805751,POST,2,200
1698692805753,GET,0,200
1698692805753,POST,3,200
1698692805756,GET,0,200
1698692805756,POST,2,200
1698692805758,GET,0,200
1698692805758,POST,3,200
1698692805761,GET,0,200
1698692805761,POST,2,200
1698692805763,GET,1,200
1698692805764,POST,2,200
1698692805766,GET,0,200
1698692805766,POST,2,200
1698692805768,GET,1,200
1698692805769,POST,2,200
1698692805771,GET,0,200
1698692805771,POST,2,200
1698692805773,GET,0,200
1698692805773,POST,2,200
1698692805775,GET,0,200
1698692805775,POST,2,200
1698692805777,GET,0,200
1698692805777,POST,2,200
1698692805779,GET,0,200
1698692805779,POST,2,200
1698692805781,GET,0,200
1698692805781,POST,2,200
1698692805783,GET,0,200
1698692805783,POST,2,200
1698692805785,GET,0,200
1698692805785,POST,2,200
1698692805787,GET,0,200
1698692805787,POST,2,200
1698692805789,GET,0,200
1698692805789,POST,2,200
1698692805791,GET,0,200
1698692805791,POST,2,200
1698692805793,GET,0,200
1698692805793,POST,1,200
1698692805794,GET,1,200
1698692805795,POST,1,200
1698692805796,GET,0,200
1698692805796,POST,2,200
1698692805798,GET,0,200
1698692805798,POST,2,200
1698692805800,GET,0,200
1698692805800,POST,2,200
1698692805802,GET,0,200
1698692805802,POST,2,200
1698692805804,GET,0,200
1698692805804,POST,2,200
1698692805806,GET,0,200
1698692805806,POST,2,200
1698692805808,GET,0,200
1698692805808,POST,1,200
1698692805809,GET,1,200
1698692805810,POST,2,200
1698692805812,GET,0,200
1698692805812,POST,1,200
1698692805813,GET,1,200
1698692805814,POST,1,200
1698692805815,GET,1,200
1698692805816,POST,1,200
1698692805817,GET,1,200
1698692805818,POST,2,200
1698692805820,GET,0,200
1698692805820,POST,2,200
1698692805822,GET,0,200
1698692805822,POST,2,200
1698692805824,GET,0,200
1698692805824,POST,2,200
1698692805826,GET,0,200
1698692805826,POST,1,200
1698692805827,GET,1,200
1698692805828,POST,2,200
1698692805830,GET,0,200
1698692805830,POST,2,200
1698692805832,GET,0,200
1698692805832,POST,2,200
1698692805834,GET,0,200
1698692805834,POST,2,200
1698692805836,GET,0,200
1698692805836,POST,2,200
1698692805838,GET,0,200
1698692805838,POST,2,200
1698692805840,GET,0,200
1698692805840,POST,2,200
1698692805842,GET,0,200
1698692805842,POST,2,200
1698692805844,GET,0,200
1698692805844,POST,2,200
1698692805846,GET,0,200
1698692805846,POST,2,200
1698692805848,GET,0,200
1698692805848,POST,2,200
1698692805850,GET,0,200
1698692805850,POST,2,200
1698692805852,GET,0,200
1698692805852,POST,2,200
1698692805854,GET,0,200
1698692805854,POST,2,200
1698692805856,GET,0,200
1698692805856,POST,1,200
1698692805857,GET,1,200
1698692805858,POST,1,200
1698692805859,GET,0,200
1698692805859,POST,2,200
1698692805861,GET,0,200
1698692805861,POST,1,200
1698692805862,GET,1,200
1698692805863,POST,1,200
1698692805864,GET,0,200
1698692805864,POST,2,200
1698692805866,GET,0,200
1698692805866,POST,2,200
1698692805868,GET,0,200
1698692805868,POST,2,200
1698692805870,GET,0,200
1698692805870,POST,2,200
1698692805872,GET,0,200
1698692805872,POST,1,200
1698692805873,GET,1,200
1698692805874,POST,1,200
1698692805875,GET,0,200
1698692805875,POST,2,200
1698692805877,GET,0,200
1698692805877,POST,2,200
1698692805879,GET,0,200
1698692805879,POST,2,200
1698692805881,GET,0,200
1698692805881,POST,2,200
1698692805883,GET,0,200
1698692805883,POST,2,200
1698692805885,GET,0,200
1698692805885,POST,2,200
1698692805887,GET,0,200
1698692805887,POST,2,200
1698692805889,GET,0,200
1698692805889,POST,2,200
1698692805891,GET,0,200
1698692805891,POST,2,200
1698692805893,GET,0,200
1698692805893,POST,3,200
1698692805896,GET,0,200
1698692805896,POST,2,200
1698692805898,GET,0,200
1698692805898,POST,2,200
1698692805900,GET,0,200
1698692805900,POST,1,200
1698692805901,GET,1,200
1698692805902,POST,1,200
1698692805903,GET,0,200
1698692805903,POST,2,200
1698692805905,GET,0,200
1698692805905,POST,2,200
1698692805907,GET,0,200
1698692805907,POST,2,200
1698692805909,GET,0,200
1698692805909,POST,2,200
1698692805911,GET,0,200
1698692805911,POST,2,200
1698692805913,GET,0,200
1698692805913,POST,2,200
1698692805915,GET,0,200
1698692805915,POST,2,200
1698692805917,GET,0,200
1698692805917,POST,2,200
1698692805919,GET,0,200
1698692805919,POST,1,200
1698692805920,GET,1,200
1698692805921,POST,1,200
1698692805922,GET,0,200
1698692805922,POST,2,200
1698692805924,GET,0,200
1698692805924,POST,2,200
1698692805926,GET,0,200
1698692805926,POST,2,200
1698692805928,GET,0,200
1698692805928,POST,2,200
1698692805930,GET,0,200
1698692805930,POST,2,200
1698692805932,GET,0,200
1698692805932,POST,2,200
1698692805934,GET,0,200
1698692805934,POST,2,200
1698692805936,GET,0,200
1698692805936,POST,2,200
1698692805938,GET,0,200
1698692805938,POST,2,200
1698692805940,GET,0,200
1698692805940,POST,2,200
1698692805942,GET,0,200
1698692805942,POST,2,200
1698692805944,GET,0,200
1698692805944,POST,2,200
1698692805946,GET,0,200
1698692805946,POST,2,200
1698692805948,GET,0,200
1698692805948,POST,2,200
1698692805950,GET,0,200
1698692805950,POST,2,200
1698692805952,GET,0,200
1698692805952,POST,1,200
1698692805953,GET,1,200
1698692805954,POST,1,200
1698692805955,GET,0,200
1698692805955,POST,2,200
1698692805957,GET,0,200
1698692805957,POST,1,200
1698692805958,GET,0,200
1698692805958,POST,2,200
1698692805960,GET,0,200
1698692805960,POST,2,200
1698692805962,GET,0,200
1698692805962,POST,2,200
1698692805964,GET,0,200
1698692805964,POST,2,200
1698692805966,GET,0,200
1698692805966,POST,2,200
1698692805968,GET,0,200
1698692805968,POST,2,200
1698692805970,GET,0,200
1698692805970,POST,2,200
1698692805972,GET,0,200
1698692805972,POST,2,200
1698692805975,GET,0,200
1698692805975,POST,2,200
1698692805977,GET,0,200
1698692805977,POST,2,200
1698692805979,GET,0,200
1698692805979,POST,3,200
1698692805982,GET,0,200
1698692805982,POST,2,200
1698692805984,GET,0,200
1698692805984,POST,2,200
1698692805986,GET,0,200
1698692805986,POST,2,200
1698692805988,GET,0,200
1698692805988,POST,2,200
1698692805990,GET,0,200
1698692805990,POST,2,200
1698692805992,GET,0,200
1698692805992,POST,2,200
1698692805994,GET,0,200
1698692805994,POST,2,200
1698692805996,GET,0,200
1698692805996,POST,2,200
1698692805998,GET,0,200
1698692805998,POST,2,200
1698692806000,GET,0,200
1698692806000,POST,2,200
1698692806002,GET,0,200
1698692806002,POST,1,200
1698692806003,GET,1,200
1698692806004,POST,1,200
1698692806005,GET,0,200
1698692806005,POST,2,200
1698692806007,GET,0,200
1698692806007,POST,2,200
1698692806009,GET,0,200
1698692806009,POST,2,200
1698692806011,GET,0,200
1698692806011,POST,2,200
1698692806013,GET,0,200
1698692806013,POST,2,200
1698692806015,GET,0,200
1698692806015,POST,2,200
1698692806017,GET,0,200
1698692806017,POST,2,200
1698692806019,GET,0,200
1698692806019,POST,2,200
1698692806021,GET,0,200
1698692806021,POST,2,200
1698692806023,GET,0,200
1698692806023,POST,2,200
1698692806025,GET,0,200
1698692806025,POST,1,200
1698692806026,GET,1,200
1698692806027,POST,1,200
1698692806028,GET,1,200
1698692806029,POST,1,200
1698692806030,GET,0,200
1698692806030,POST,2,200
1698692806032,GET,0,200
1698692806032,POST,2,200
1698692806034,GET,0,200
1698692806034,POST,2,200
1698692806036,GET,0,200
1698692806036,POST,2,200
1698692806038,GET,0,200
1698692806038,POST,2,200
1698692806040,GET,0,200
1698692806040,POST,2,200
1698692806042,GET,0,200
1698692806042,POST,2,200
1698692806044,GET,0,200
1698692806044,POST,2,200
1698692806046,GET,0,200
1698692806046,POST,2,200
1698692806048,GET,0,200
1698692806048,POST,2,200
1698692806050,GET,0,200
1698692806050,POST,2,200
1698692806052,GET,1,200
1698692806053,POST,1,200
1698692806054,GET,0,200
1698692806054,POST,2,200
1698692806056,GET,0,200
1698692806056,POST,2,200
1698692806058,GET,0,200
1698692806058,POST,1,200
1698692806059,GET,1,200
1698692806060,POST,1,200
1698692806061,GET,0,200
1698692806061,POST,2,200
1698692806063,GET,0,200
1698692806063,POST,2,200
1698692806065,GET,0,200
1698692806065,POST,2,200
1698692806067,GET,0,200
1698692806067,POST,2,200
1698692806069,GET,0,200
1698692806069,POST,2,200
1698692806071,GET,0,200
1698692806071,POST,2,200
1698692806073,GET,0,200
1698692806073,POST,2,200
1698692806075,GET,1,200
1698692806076,POST,2,200
1698692806078,GET,0,200
1698692806078,POST,2,200
1698692806080,GET,0,200
1698692806080,POST,2,200
1698692806082,GET,0,200
1698692806082,POST,2,200
1698692806084,GET,0,200
1698692806084,POST,2,200
1698692806086,GET,0,200
1698692806086,POST,2,200
1698692806088,GET,0,200
1698692806088,POST,1,200
1698692806089,GET,0,200
1698692806089,POST,2,200
1698692806091,GET,0,200
1698692806091,POST,2,200
1698692806093,GET,0,200
1698692806093,POST,2,200
1698692806095,GET,0,200
1698692806095,POST,2,200
1698692806097,GET,0,200
1698692806097,POST,2,200
1698692806099,GET,0,200
1698692806099,POST,2,200
1698692806101,GET,0,200
1698692806101,POST,2,200
1698692806103,GET,0,200
1698692806103,POST,2,200
1698692806105,GET,0,200
1698692806105,POST,2,200
1698692806107,GET,0,200
1698692806107,POST,2,200
1698692806109,GET,0,200
1698692806109,POST,2,200
1698692806111,GET,0,200
1698692806111,POST,2,200
1698692806113,GET,0,200
1698692806113,POST,1,200
1698692806114,GET,1,200
1698692806115,POST,1,200
1698692806116,GET,0,200
1698692806116,POST,2,200
1698692806118,GET,0,200
1698692806118,POST,2,200
1698692806120,GET,0,200
1698692806120,POST,3,200
1698692806123,GET,0,200
1698692806123,POST,2,200
1698692806125,GET,0,200
1698692806125,POST,2,200
1698692806127,GET,0,200
1698692806127,POST,2,200
1698692806129,GET,0,200
1698692806129,POST,2,200
1698692806131,GET,0,200
1698692806131,POST,2,200
1698692806133,GET,0,200
1698692806133,POST,2,200
1698692806135,GET,0,200
1698692806135,POST,2,200
1698692806137,GET,0,200
1698692806137,POST,2,200
1698692806139,GET,0,200
1698692806139,POST,2,200
1698692806141,GET,0,200
1698692806141,POST,2,200
1698692806143,GET,0,200
1698692806143,POST,1,200
1698692806144,GET,1,200
1698692806145,POST,1,200
1698692806146,GET,0,200
1698692806146,POST,2,200
1698692806148,GET,0,200
1698692806148,POST,2,200
1698692806150,GET,0,200
1698692806150,POST,1,200
1698692806151,GET,0,200
1698692806151,POST,2,200
1698692806153,GET,0,200
1698692806153,POST,2,200
1698692806155,GET,0,200
1698692806155,POST,2,200
1698692806157,GET,0,200
1698692806157,POST,2,200
1698692806159,GET,0,200
1698692806159,POST,2,200
1698692806161,GET,0,200
1698692806161,POST,1,200
1698692806162,GET,1,200
1698692806163,POST,1,200
1698692806164,GET,0,200
1698692806164,POST,2,200
1698692806166,GET,0,200
1698692806166,POST,2,200
1698692806168,GET,0,200
1698692806168,POST,2,200
1698692806170,GET,0,200
1698692806170,POST,2,200
1698692806172,GET,0,200
1698692806172,POST,2,200
1698692806174,GET,0,200
1698692806174,POST,2,200
1698692806176,GET,0,200
1698692806176,POST,2,200
1698692806178,GET,0,200
1698692806178,POST,2,200
1698692806180,GET,0,200
1698692806180,POST,2,200
1698692806182,GET,0,200
1698692806182,POST,2,200
1698692806184,GET,0,200
1698692806184,POST,1,200
1698692806185,GET,0,200
1698692806185,POST,2,200
1698692806187,GET,0,200
1698692806187,POST,2,200
1698692806189,GET,0,200
1698692806189,POST,2,200
1698692806191,GET,0,200
1698692806191,POST,2,200
1698692806193,GET,0,200
1698692806193,POST,2,200
1698692806195,GET,0,200
1698692806195,POST,2,200
1698692806197,GET,0,200
1698692806197,POST,2,200
1698692806199,GET,0,200
1698692806199,POST,2,200
1698692806201,GET,0,200
1698692806201,POST,3,200
1698692806204,GET,0,200
1698692806204,POST,2,200
1698692806206,GET,0,200
1698692806206,POST,2,200
1698692806208,GET,0,200
1698692806208,POST,2,200
1698692806210,GET,0,200
1698692806210,POST,2,200
1698692806212,GET,0,200
1698692806212,POST,2,200
1698692806214,GET,0,200
1698692806214,POST,2,200
1698692806216,GET,0,200
1698692806216,POST,2,200
1698692806218,GET,0,200
1698692806218,POST,2,200
1698692806220,GET,0,200
1698692806220,POST,2,200
1698692806222,GET,0,200
1698692806222,POST,2,200
1698692806224,GET,0,200
1698692806224,POST,2,200
1698692806226,GET,0,200
1698692806226,POST,2,200
1698692806228,GET,0,200
1698692806228,POST,2,200
1698692806230,GET,0,200
1698692806230,POST,2,200
1698692806232,GET,0,200
1698692806232,POST,2,200
1698692806234,GET,0,200
1698692806234,POST,2,200
1698692806236,GET,0,200
1698692806236,POST,1,200
1698692806237,GET,1,200
1698692806238,POST,1,200
1698692806239,GET,1,200
1698692806240,POST,2,200
1698692806242,GET,0,200
1698692806242,POST,1,200
1698692806243,GET,1,200
1698692806244,POST,1,200
1698692806245,GET,1,200
1698692806246,POST,1,200
1698692806247,GET,1,200
1698692806248,POST,1,200
1698692806249,GET,0,200
1698692806249,POST,2,200
1698692806251,GET,0,200
1698692806251,POST,2,200
1698692806253,GET,0,200
1698692806253,POST,2,200
1698692806255,GET,0,200
1698692806255,POST,2,200
1698692806257,GET,0,200
1698692806257,POST,2,200
1698692806259,GET,0,200
1698692806259,POST,2,200
1698692806261,GET,0,200
1698692806261,POST,2,200
1698692806263,GET,0,200
1698692806263,POST,2,200
1698692806265,GET,0,200
1698692806265,POST,2,200
1698692806267,GET,0,200
1698692806267,POST,2,200
1698692806269,GET,0,200
1698692806269,POST,2,200
1698692806271,GET,0,200
1698692806271,POST,2,200
1698692806273,GET,0,200
1698692806273,POST,2,200
1698692806275,GET,0,200
1698692806275,POST,3,200
1698692806278,GET,0,200
1698692806278,POST,2,200
1698692806280,GET,0,200
1698692806280,POST,2,200
1698692806282,GET,0,200
1698692806282,POST,2,200
1698692806284,GET,0,200
1698692806284,POST,1,200
1698692806285,GET,1,200
1698692806286,POST,2,200
1698692806288,GET,0,200
1698692806288,POST,2,200
1698692806290,GET,0,200
1698692806290,POST,2,200
1698692806292,GET,0,200
1698692806292,POST,2,200
1698692806294,GET,0,200
1698692806294,POST,2,200
1698692806296,GET,0,200
1698692806296,POST,2,200
1698692806298,GET,0,200
1698692806298,POST,2,200
1698692806300,GET,0,200
1698692806300,POST,2,200
1698692806302,GET,0,200
1698692806302,POST,2,200
1698692806304,GET,0,200
1698692806304,POST,2,200
1698692806306,GET,0,200
1698692806306,POST,2,200
1698692806308,GET,0,200
1698692806308,POST,2,200
1698692806310,GET,0,200
1698692806310,POST,2,200
1698692806312,GET,0,200
1698692806312,POST,2,200
1698692806314,GET,0,200
1698692806314,POST,2,200
1698692806316,GET,0,200
1698692806316,POST,2,200
1698692806318,GET,0,200
1698692806318,POST,2,200
1698692806320,GET,0,200
1698692806320,POST,2,200
1698692806322,GET,0,200
1698692806322,POST,3,200
1698692806325,GET,1,200
1698692806326,POST,2,200
1698692806328,GET,0,200
1698692806328,POST,3,200
1698692806331,GET,0,200
1698692806331,POST,3,200
1698692806334,GET,1,200
1698692806335,POST,2,200
1698692806337,GET,1,200
1698692806338,POST,2,200
1698692806340,GET,0,200
1698692806340,POST,2,200
1698692806342,GET,0,200
1698692806342,POST,2,200
1698692806344,GET,0,200
1698692806344,POST,2,200
1698692806346,GET,0,200
1698692806346,POST,2,200
1698692806348,GET,0,200
1698692806348,POST,2,200
1698692806350,GET,0,200
1698692806350,POST,2,200
1698692806352,GET,0,200
1698692806352,POST,2,200
1698692806354,GET,0,200
